"","time","COROP_LEV","COROP_AFN","AANTAL"
"1",2019-01-01,"CR01","CR01",122066
"2",2019-01-01,"CR01","CR02",1094
"3",2019-01-01,"CR01","CR03",5384
"4",2019-01-01,"CR01","CR04",722
"5",2019-01-01,"CR01","CR05",3693
"6",2019-01-01,"CR01","CR06",6432
"7",2019-01-01,"CR01","CR07",24
"8",2019-01-01,"CR01","CR08",57577
"9",2019-01-01,"CR01","CR09",9736
"10",2019-01-01,"CR01","CR10",35357
"11",2019-01-01,"CR01","CR11",9948
"12",2019-01-01,"CR01","CR12",5620
"13",2019-01-01,"CR01","CR13",25864
"14",2019-01-01,"CR01","CR14",96621
"15",2019-01-01,"CR01","CR15",1070
"16",2019-01-01,"CR01","CR17",16068
"17",2019-01-01,"CR01","CR18",12
"18",2019-01-01,"CR01","CR35",136677
"19",2019-01-01,"CR01","CR36",6740
"20",2019-01-01,"CR01","CR40",2624
"21",2019-01-01,"CR02","CR01",17822
"22",2019-01-01,"CR02","CR02",4
"23",2019-01-01,"CR02","CR03",1528
"24",2019-01-01,"CR02","CR04",6
"25",2019-01-01,"CR02","CR08",832
"26",2019-01-01,"CR02","CR09",4
"27",2019-01-01,"CR02","CR10",1403
"28",2019-01-01,"CR02","CR13",830
"29",2019-01-01,"CR02","CR14",15549
"30",2019-01-01,"CR02","CR35",1266
"31",2019-01-01,"CR03","CR01",1759
"32",2019-01-01,"CR03","CR02",14
"33",2019-01-01,"CR03","CR03",27378
"34",2019-01-01,"CR03","CR04",7035
"35",2019-01-01,"CR03","CR05",8
"36",2019-01-01,"CR03","CR06",23972
"37",2019-01-01,"CR03","CR07",40
"38",2019-01-01,"CR03","CR08",4888
"39",2019-01-01,"CR03","CR09",8
"40",2019-01-01,"CR03","CR10",9949
"41",2019-01-01,"CR03","CR12",1718
"42",2019-01-01,"CR03","CR13",5292
"43",2019-01-01,"CR03","CR14",21517
"44",2019-01-01,"CR03","CR16",1180
"45",2019-01-01,"CR03","CR17",5073
"46",2019-01-01,"CR03","CR18",2
"47",2019-01-01,"CR03","CR23",11
"48",2019-01-01,"CR03","CR30",428
"49",2019-01-01,"CR03","CR33",2
"50",2019-01-01,"CR03","CR35",12196
"51",2019-01-01,"CR03","CR36",61920
"52",2019-01-01,"CR04","CR01",10
"53",2019-01-01,"CR04","CR03",1562
"54",2019-01-01,"CR04","CR04",36295
"55",2019-01-01,"CR04","CR05",1540
"56",2019-01-01,"CR04","CR06",720
"57",2019-01-01,"CR04","CR07",4
"58",2019-01-01,"CR04","CR08",4
"59",2019-01-01,"CR04","CR09",16
"60",2019-01-01,"CR04","CR10",25340
"61",2019-01-01,"CR04","CR12",14
"62",2019-01-01,"CR04","CR13",8718
"63",2019-01-01,"CR04","CR14",1514
"64",2019-01-01,"CR04","CR16",8
"65",2019-01-01,"CR04","CR17",8378
"66",2019-01-01,"CR04","CR18",4
"67",2019-01-01,"CR04","CR20",6
"68",2019-01-01,"CR04","CR35",35091
"69",2019-01-01,"CR04","CR36",8402
"70",2019-01-01,"CR05","CR03",2
"71",2019-01-01,"CR05","CR04",8594
"72",2019-01-01,"CR05","CR05",5462
"73",2019-01-01,"CR05","CR06",62
"74",2019-01-01,"CR05","CR07",2
"75",2019-01-01,"CR05","CR09",4129
"76",2019-01-01,"CR05","CR10",24
"77",2019-01-01,"CR05","CR12",50
"78",2019-01-01,"CR05","CR13",29942
"79",2019-01-01,"CR05","CR14",9982
"80",2019-01-01,"CR05","CR15",302
"81",2019-01-01,"CR05","CR17",37099
"82",2019-01-01,"CR05","CR18",8
"83",2019-01-01,"CR05","CR26",6
"84",2019-01-01,"CR05","CR28",4706
"85",2019-01-01,"CR05","CR35",2264
"86",2019-01-01,"CR05","CR36",37506
"87",2019-01-01,"CR05","CR40",4175
"88",2019-01-01,"CR06","CR01",42146
"89",2019-01-01,"CR06","CR03",33396
"90",2019-01-01,"CR06","CR04",34
"91",2019-01-01,"CR06","CR05",14232
"92",2019-01-01,"CR06","CR06",13779
"93",2019-01-01,"CR06","CR07",51246
"94",2019-01-01,"CR06","CR08",6
"95",2019-01-01,"CR06","CR09",892
"96",2019-01-01,"CR06","CR10",18705
"97",2019-01-01,"CR06","CR11",9928
"98",2019-01-01,"CR06","CR12",11086
"99",2019-01-01,"CR06","CR13",27889
"100",2019-01-01,"CR06","CR14",13985
"101",2019-01-01,"CR06","CR15",1660
"102",2019-01-01,"CR06","CR17",38195
"103",2019-01-01,"CR06","CR18",4
"104",2019-01-01,"CR06","CR27",6
"105",2019-01-01,"CR06","CR33",15357
"106",2019-01-01,"CR06","CR35",1430
"107",2019-01-01,"CR06","CR36",66321
"108",2019-01-01,"CR06","CR37",1360
"109",2019-01-01,"CR06","CR38",3526
"110",2019-01-01,"CR07","CR01",9688
"111",2019-01-01,"CR07","CR02",8
"112",2019-01-01,"CR07","CR03",464
"113",2019-01-01,"CR07","CR05",3152
"114",2019-01-01,"CR07","CR06",29746
"115",2019-01-01,"CR07","CR07",40396
"116",2019-01-01,"CR07","CR08",4636
"117",2019-01-01,"CR07","CR09",9304
"118",2019-01-01,"CR07","CR10",13192
"119",2019-01-01,"CR07","CR11",327
"120",2019-01-01,"CR07","CR12",7332
"121",2019-01-01,"CR07","CR13",32995
"122",2019-01-01,"CR07","CR14",43469
"123",2019-01-01,"CR07","CR15",21190
"124",2019-01-01,"CR07","CR16",21831
"125",2019-01-01,"CR07","CR17",36897
"126",2019-01-01,"CR07","CR18",4
"127",2019-01-01,"CR07","CR33",4
"128",2019-01-01,"CR07","CR35",35131
"129",2019-01-01,"CR07","CR36",27358
"130",2019-01-01,"CR07","CR37",138
"131",2019-01-01,"CR07","CR38",1548
"132",2019-01-01,"CR07","CR40",5202
"133",2019-01-01,"CR08","CR01",122541
"134",2019-01-01,"CR08","CR03",606
"135",2019-01-01,"CR08","CR05",2
"136",2019-01-01,"CR08","CR06",6
"137",2019-01-01,"CR08","CR07",24761
"138",2019-01-01,"CR08","CR08",52642
"139",2019-01-01,"CR08","CR09",17182
"140",2019-01-01,"CR08","CR10",37267
"141",2019-01-01,"CR08","CR11",13985
"142",2019-01-01,"CR08","CR12",32166
"143",2019-01-01,"CR08","CR13",153060
"144",2019-01-01,"CR08","CR14",126960
"145",2019-01-01,"CR08","CR15",3523
"146",2019-01-01,"CR08","CR16",29256
"147",2019-01-01,"CR08","CR17",17034
"148",2019-01-01,"CR08","CR20",22
"149",2019-01-01,"CR08","CR33",20
"150",2019-01-01,"CR08","CR35",101968
"151",2019-01-01,"CR08","CR36",4722
"152",2019-01-01,"CR08","CR38",108
"153",2019-01-01,"CR08","CR40",2616
"154",2019-01-01,"CR09","CR01",11790
"155",2019-01-01,"CR09","CR03",56
"156",2019-01-01,"CR09","CR04",2745
"157",2019-01-01,"CR09","CR05",2688
"158",2019-01-01,"CR09","CR06",28
"159",2019-01-01,"CR09","CR07",6232
"160",2019-01-01,"CR09","CR08",11682
"161",2019-01-01,"CR09","CR09",32693
"162",2019-01-01,"CR09","CR10",19726
"163",2019-01-01,"CR09","CR11",6288
"164",2019-01-01,"CR09","CR12",38056
"165",2019-01-01,"CR09","CR13",71437
"166",2019-01-01,"CR09","CR14",95695
"167",2019-01-01,"CR09","CR15",2064
"168",2019-01-01,"CR09","CR16",2584
"169",2019-01-01,"CR09","CR17",28879
"170",2019-01-01,"CR09","CR25",480
"171",2019-01-01,"CR09","CR33",848
"172",2019-01-01,"CR09","CR35",49899
"173",2019-01-01,"CR09","CR36",11880
"174",2019-01-01,"CR09","CR37",1944
"175",2019-01-01,"CR09","CR38",840
"176",2019-01-01,"CR09","CR40",1188
"177",2019-01-01,"CR10","CR01",187164
"178",2019-01-01,"CR10","CR02",394
"179",2019-01-01,"CR10","CR03",376
"180",2019-01-01,"CR10","CR04",2258
"181",2019-01-01,"CR10","CR05",88
"182",2019-01-01,"CR10","CR06",2058
"183",2019-01-01,"CR10","CR07",27196
"184",2019-01-01,"CR10","CR08",47745
"185",2019-01-01,"CR10","CR09",82119
"186",2019-01-01,"CR10","CR10",544022
"187",2019-01-01,"CR10","CR11",59056
"188",2019-01-01,"CR10","CR12",158574
"189",2019-01-01,"CR10","CR13",334895
"190",2019-01-01,"CR10","CR14",288433
"191",2019-01-01,"CR10","CR15",45772
"192",2019-01-01,"CR10","CR16",8686
"193",2019-01-01,"CR10","CR17",166575
"194",2019-01-01,"CR10","CR18",138
"195",2019-01-01,"CR10","CR21",6
"196",2019-01-01,"CR10","CR23",120
"197",2019-01-01,"CR10","CR27",4
"198",2019-01-01,"CR10","CR28",14
"199",2019-01-01,"CR10","CR29",4
"200",2019-01-01,"CR10","CR30",774
"201",2019-01-01,"CR10","CR33",8
"202",2019-01-01,"CR10","CR34",2
"203",2019-01-01,"CR10","CR35",332199
"204",2019-01-01,"CR10","CR36",47025
"205",2019-01-01,"CR10","CR37",2390
"206",2019-01-01,"CR10","CR38",10766
"207",2019-01-01,"CR10","CR40",3716
"208",2019-01-01,"CR11","CR03",4
"209",2019-01-01,"CR11","CR06",1408
"210",2019-01-01,"CR11","CR09",4984
"211",2019-01-01,"CR11","CR10",121523
"212",2019-01-01,"CR11","CR11",356684
"213",2019-01-01,"CR11","CR12",144954
"214",2019-01-01,"CR11","CR13",268411
"215",2019-01-01,"CR11","CR14",235209
"216",2019-01-01,"CR11","CR15",26652
"217",2019-01-01,"CR11","CR16",2876
"218",2019-01-01,"CR11","CR17",60069
"219",2019-01-01,"CR11","CR28",4
"220",2019-01-01,"CR11","CR33",248
"221",2019-01-01,"CR11","CR35",92065
"222",2019-01-01,"CR11","CR36",147122
"223",2019-01-01,"CR11","CR37",50
"224",2019-01-01,"CR11","CR38",1314
"225",2019-01-01,"CR11","CR40",23953
"226",2019-01-01,"CR12","CR01",21866
"227",2019-01-01,"CR12","CR04",3502
"228",2019-01-01,"CR12","CR06",3867
"229",2019-01-01,"CR12","CR07",10360
"230",2019-01-01,"CR12","CR08",182256
"231",2019-01-01,"CR12","CR09",12818
"232",2019-01-01,"CR12","CR10",194085
"233",2019-01-01,"CR12","CR11",166747
"234",2019-01-01,"CR12","CR12",1153272
"235",2019-01-01,"CR12","CR13",436956
"236",2019-01-01,"CR12","CR14",718232
"237",2019-01-01,"CR12","CR15",25612
"238",2019-01-01,"CR12","CR16",8872
"239",2019-01-01,"CR12","CR17",532191
"240",2019-01-01,"CR12","CR18",6720
"241",2019-01-01,"CR12","CR23",4
"242",2019-01-01,"CR12","CR28",2530
"243",2019-01-01,"CR12","CR32",1412
"244",2019-01-01,"CR12","CR33",5542
"245",2019-01-01,"CR12","CR34",8564
"246",2019-01-01,"CR12","CR35",370167
"247",2019-01-01,"CR12","CR36",113727
"248",2019-01-01,"CR12","CR37",160
"249",2019-01-01,"CR12","CR38",25840
"250",2019-01-01,"CR12","CR39",8
"251",2019-01-01,"CR12","CR40",4496
"252",2019-01-01,"CR13","CR01",31194
"253",2019-01-01,"CR13","CR03",14
"254",2019-01-01,"CR13","CR04",2180
"255",2019-01-01,"CR13","CR05",26164
"256",2019-01-01,"CR13","CR06",524
"257",2019-01-01,"CR13","CR07",1104
"258",2019-01-01,"CR13","CR08",24737
"259",2019-01-01,"CR13","CR09",620
"260",2019-01-01,"CR13","CR10",42996
"261",2019-01-01,"CR13","CR11",16829
"262",2019-01-01,"CR13","CR12",97292
"263",2019-01-01,"CR13","CR13",971478
"264",2019-01-01,"CR13","CR14",324779
"265",2019-01-01,"CR13","CR15",50221
"266",2019-01-01,"CR13","CR16",74701
"267",2019-01-01,"CR13","CR17",765498
"268",2019-01-01,"CR13","CR18",2794
"269",2019-01-01,"CR13","CR23",13076
"270",2019-01-01,"CR13","CR25",27262
"271",2019-01-01,"CR13","CR28",6916
"272",2019-01-01,"CR13","CR29",18
"273",2019-01-01,"CR13","CR30",6083
"274",2019-01-01,"CR13","CR32",12
"275",2019-01-01,"CR13","CR33",28136
"276",2019-01-01,"CR13","CR34",10
"277",2019-01-01,"CR13","CR35",275013
"278",2019-01-01,"CR13","CR36",111338
"279",2019-01-01,"CR13","CR37",2585
"280",2019-01-01,"CR13","CR38",10698
"281",2019-01-01,"CR13","CR39",600
"282",2019-01-01,"CR13","CR40",22166
"283",2019-01-01,"CR14","CR01",45365
"284",2019-01-01,"CR14","CR02",8
"285",2019-01-01,"CR14","CR04",4
"286",2019-01-01,"CR14","CR05",4
"287",2019-01-01,"CR14","CR07",6
"288",2019-01-01,"CR14","CR08",15318
"289",2019-01-01,"CR14","CR09",17382
"290",2019-01-01,"CR14","CR10",92919
"291",2019-01-01,"CR14","CR11",101639
"292",2019-01-01,"CR14","CR12",428807
"293",2019-01-01,"CR14","CR13",626362
"294",2019-01-01,"CR14","CR14",2251469
"295",2019-01-01,"CR14","CR15",102491
"296",2019-01-01,"CR14","CR16",2468
"297",2019-01-01,"CR14","CR17",224186
"298",2019-01-01,"CR14","CR19",8
"299",2019-01-01,"CR14","CR23",12
"300",2019-01-01,"CR14","CR28",7500
"301",2019-01-01,"CR14","CR29",2
"302",2019-01-01,"CR14","CR30",720
"303",2019-01-01,"CR14","CR32",2752
"304",2019-01-01,"CR14","CR33",1400
"305",2019-01-01,"CR14","CR34",9847
"306",2019-01-01,"CR14","CR35",857545
"307",2019-01-01,"CR14","CR36",54222
"308",2019-01-01,"CR14","CR37",26255
"309",2019-01-01,"CR14","CR38",17596
"310",2019-01-01,"CR14","CR39",208
"311",2019-01-01,"CR14","CR40",54188
"312",2019-01-01,"CR15","CR01",21189
"313",2019-01-01,"CR15","CR05",2
"314",2019-01-01,"CR15","CR06",1286
"315",2019-01-01,"CR15","CR08",8
"316",2019-01-01,"CR15","CR10",47564
"317",2019-01-01,"CR15","CR11",2902
"318",2019-01-01,"CR15","CR12",34334
"319",2019-01-01,"CR15","CR13",60895
"320",2019-01-01,"CR15","CR14",222850
"321",2019-01-01,"CR15","CR15",210720
"322",2019-01-01,"CR15","CR16",88347
"323",2019-01-01,"CR15","CR17",85952
"324",2019-01-01,"CR15","CR18",4
"325",2019-01-01,"CR15","CR20",14
"326",2019-01-01,"CR15","CR24",8
"327",2019-01-01,"CR15","CR29",6
"328",2019-01-01,"CR15","CR33",16430
"329",2019-01-01,"CR15","CR34",30225
"330",2019-01-01,"CR15","CR35",178026
"331",2019-01-01,"CR15","CR36",135680
"332",2019-01-01,"CR15","CR37",11982
"333",2019-01-01,"CR15","CR38",16085
"334",2019-01-01,"CR15","CR39",762
"335",2019-01-01,"CR15","CR40",13461
"336",2019-01-01,"CR16","CR06",8
"337",2019-01-01,"CR16","CR09",518
"338",2019-01-01,"CR16","CR10",12554
"339",2019-01-01,"CR16","CR11",3168
"340",2019-01-01,"CR16","CR12",878
"341",2019-01-01,"CR16","CR13",104813
"342",2019-01-01,"CR16","CR14",105357
"343",2019-01-01,"CR16","CR15",65713
"344",2019-01-01,"CR16","CR16",7168
"345",2019-01-01,"CR16","CR17",181906
"346",2019-01-01,"CR16","CR18",2
"347",2019-01-01,"CR16","CR23",1156
"348",2019-01-01,"CR16","CR28",19930
"349",2019-01-01,"CR16","CR30",8398
"350",2019-01-01,"CR16","CR33",1440
"351",2019-01-01,"CR16","CR34",442
"352",2019-01-01,"CR16","CR35",294475
"353",2019-01-01,"CR16","CR36",32608
"354",2019-01-01,"CR16","CR37",44
"355",2019-01-01,"CR16","CR38",3564
"356",2019-01-01,"CR16","CR39",1746
"357",2019-01-01,"CR16","CR40",3678
"358",2019-01-01,"CR16",NA,2
"359",2019-01-01,"CR17","CR01",94180
"360",2019-01-01,"CR17","CR03",2
"361",2019-01-01,"CR17","CR07",284
"362",2019-01-01,"CR17","CR08",446
"363",2019-01-01,"CR17","CR09",1382
"364",2019-01-01,"CR17","CR10",6587
"365",2019-01-01,"CR17","CR11",12820
"366",2019-01-01,"CR17","CR12",24287
"367",2019-01-01,"CR17","CR13",259172
"368",2019-01-01,"CR17","CR14",162935
"369",2019-01-01,"CR17","CR15",20102
"370",2019-01-01,"CR17","CR16",35158
"371",2019-01-01,"CR17","CR17",465478
"372",2019-01-01,"CR17","CR18",2788
"373",2019-01-01,"CR17","CR20",10
"374",2019-01-01,"CR17","CR23",2
"375",2019-01-01,"CR17","CR25",944
"376",2019-01-01,"CR17","CR26",4
"377",2019-01-01,"CR17","CR28",26368
"378",2019-01-01,"CR17","CR29",412
"379",2019-01-01,"CR17","CR30",10048
"380",2019-01-01,"CR17","CR32",128
"381",2019-01-01,"CR17","CR33",3214
"382",2019-01-01,"CR17","CR34",7536
"383",2019-01-01,"CR17","CR35",101385
"384",2019-01-01,"CR17","CR36",51574
"385",2019-01-01,"CR17","CR37",356
"386",2019-01-01,"CR17","CR38",5268
"387",2019-01-01,"CR17","CR39",420
"388",2019-01-01,"CR17","CR40",27837
"389",2019-01-01,"CR18","CR04",6
"390",2019-01-01,"CR18","CR05",10678
"391",2019-01-01,"CR18","CR10",1920
"392",2019-01-01,"CR18","CR11",1270
"393",2019-01-01,"CR18","CR13",54339
"394",2019-01-01,"CR18","CR14",9974
"395",2019-01-01,"CR18","CR17",19457
"396",2019-01-01,"CR18","CR18",8034
"397",2019-01-01,"CR18","CR19",136
"398",2019-01-01,"CR18","CR23",338
"399",2019-01-01,"CR18","CR28",560
"400",2019-01-01,"CR18","CR36",168
"401",2019-01-01,"CR18","CR37",440
"402",2019-01-01,"CR19","CR13",17284
"403",2019-01-01,"CR19","CR17",1050
"404",2019-01-01,"CR19","CR18",16
"405",2019-01-01,"CR19","CR19",62
"406",2019-01-01,"CR19","CR20",10
"407",2019-01-01,"CR20","CR13",16
"408",2019-01-01,"CR20","CR18",8
"409",2019-01-01,"CR20","CR19",30
"410",2019-01-01,"CR23","CR10",2264
"411",2019-01-01,"CR23","CR13",6608
"412",2019-01-01,"CR23","CR14",8
"413",2019-01-01,"CR23","CR15",660
"414",2019-01-01,"CR23","CR17",11573
"415",2019-01-01,"CR23","CR18",814
"416",2019-01-01,"CR23","CR19",848
"417",2019-01-01,"CR23","CR20",28
"418",2019-01-01,"CR23","CR23",8
"419",2019-01-01,"CR23","CR28",1520
"420",2019-01-01,"CR23","CR36",2356
"421",2019-01-01,"CR24","CR15",20
"422",2019-01-01,"CR24","CR16",2
"423",2019-01-01,"CR24","CR17",4
"424",2019-01-01,"CR24","CR24",4
"425",2019-01-01,"CR25","CR12",2
"426",2019-01-01,"CR25","CR13",22820
"427",2019-01-01,"CR25","CR14",150
"428",2019-01-01,"CR25","CR17",26967
"429",2019-01-01,"CR25","CR25",714
"430",2019-01-01,"CR25","CR27",2
"431",2019-01-01,"CR25","CR28",4036
"432",2019-01-01,"CR25","CR30",1872
"433",2019-01-01,"CR25","CR35",14690
"434",2019-01-01,"CR25","CR36",816
"435",2019-01-01,"CR26","CR16",18
"436",2019-01-01,"CR26","CR17",26
"437",2019-01-01,"CR26","CR25",4
"438",2019-01-01,"CR26","CR26",8
"439",2019-01-01,"CR26","CR28",2
"440",2019-01-01,"CR26","CR29",4
"441",2019-01-01,"CR26","CR30",8
"442",2019-01-01,"CR26","CR33",14
"443",2019-01-01,"CR27","CR23",4
"444",2019-01-01,"CR27","CR25",4
"445",2019-01-01,"CR27","CR32",12
"446",2019-01-01,"CR27","CR33",2
"447",2019-01-01,"CR28","CR09",816
"448",2019-01-01,"CR28","CR10",600
"449",2019-01-01,"CR28","CR11",628
"450",2019-01-01,"CR28","CR12",3804
"451",2019-01-01,"CR28","CR13",22978
"452",2019-01-01,"CR28","CR14",12973
"453",2019-01-01,"CR28","CR15",5750
"454",2019-01-01,"CR28","CR16",2364
"455",2019-01-01,"CR28","CR17",66536
"456",2019-01-01,"CR28","CR18",292
"457",2019-01-01,"CR28","CR20",2
"458",2019-01-01,"CR28","CR23",32
"459",2019-01-01,"CR28","CR25",14718
"460",2019-01-01,"CR28","CR26",4
"461",2019-01-01,"CR28","CR28",8502
"462",2019-01-01,"CR28","CR29",724
"463",2019-01-01,"CR28","CR30",3110
"464",2019-01-01,"CR28","CR33",38476
"465",2019-01-01,"CR28","CR34",432
"466",2019-01-01,"CR28","CR35",26940
"467",2019-01-01,"CR28","CR36",5878
"468",2019-01-01,"CR28","CR37",432
"469",2019-01-01,"CR28","CR38",1040
"470",2019-01-01,"CR28","CR39",562
"471",2019-01-01,"CR29","CR04",4
"472",2019-01-01,"CR29","CR09",4
"473",2019-01-01,"CR29","CR10",2
"474",2019-01-01,"CR29","CR13",90
"475",2019-01-01,"CR29","CR14",362
"476",2019-01-01,"CR29","CR15",386
"477",2019-01-01,"CR29","CR16",4
"478",2019-01-01,"CR29","CR17",1450
"479",2019-01-01,"CR29","CR20",2
"480",2019-01-01,"CR29","CR26",2
"481",2019-01-01,"CR29","CR27",4
"482",2019-01-01,"CR29","CR28",1714
"483",2019-01-01,"CR29","CR29",185
"484",2019-01-01,"CR29","CR30",4
"485",2019-01-01,"CR29","CR31",4
"486",2019-01-01,"CR29","CR32",90
"487",2019-01-01,"CR29","CR33",560
"488",2019-01-01,"CR29","CR34",2
"489",2019-01-01,"CR29","CR35",32215
"490",2019-01-01,"CR29","CR36",76731
"491",2019-01-01,"CR30","CR05",2
"492",2019-01-01,"CR30","CR10",144
"493",2019-01-01,"CR30","CR11",80524
"494",2019-01-01,"CR30","CR13",2502
"495",2019-01-01,"CR30","CR14",8226
"496",2019-01-01,"CR30","CR15",2068
"497",2019-01-01,"CR30","CR16",842
"498",2019-01-01,"CR30","CR17",35852
"499",2019-01-01,"CR30","CR25",515
"500",2019-01-01,"CR30","CR28",2682
"501",2019-01-01,"CR30","CR29",356
"502",2019-01-01,"CR30","CR30",3368
"503",2019-01-01,"CR30","CR32",7879
"504",2019-01-01,"CR30","CR33",8715
"505",2019-01-01,"CR30","CR34",646
"506",2019-01-01,"CR30","CR35",17547
"507",2019-01-01,"CR30","CR36",1065
"508",2019-01-01,"CR30","CR37",140
"509",2019-01-01,"CR31","CR07",4
"510",2019-01-01,"CR31","CR13",326
"511",2019-01-01,"CR31","CR16",180
"512",2019-01-01,"CR31","CR17",21849
"513",2019-01-01,"CR31","CR29",2
"514",2019-01-01,"CR31","CR30",216
"515",2019-01-01,"CR31","CR31",1122
"516",2019-01-01,"CR31","CR32",682
"517",2019-01-01,"CR31","CR33",20
"518",2019-01-01,"CR31","CR34",358
"519",2019-01-01,"CR31","CR35",42054
"520",2019-01-01,"CR31","CR36",56354
"521",2019-01-01,"CR31","CR38",34
"522",2019-01-01,"CR31","CR39",6
"523",2019-01-01,"CR32","CR03",2
"524",2019-01-01,"CR32","CR08",3
"525",2019-01-01,"CR32","CR12",39024
"526",2019-01-01,"CR32","CR13",134
"527",2019-01-01,"CR32","CR14",39226
"528",2019-01-01,"CR32","CR15",400
"529",2019-01-01,"CR32","CR17",16702
"530",2019-01-01,"CR32","CR29",20
"531",2019-01-01,"CR32","CR31",20
"532",2019-01-01,"CR32","CR32",15457
"533",2019-01-01,"CR32","CR33",41050
"534",2019-01-01,"CR32","CR34",12432
"535",2019-01-01,"CR32","CR35",165710
"536",2019-01-01,"CR32","CR36",73120
"537",2019-01-01,"CR32","CR38",330
"538",2019-01-01,"CR32","CR39",4
"539",2019-01-01,"CR33","CR03",2
"540",2019-01-01,"CR33","CR09",1724
"541",2019-01-01,"CR33","CR12",4734
"542",2019-01-01,"CR33","CR13",85572
"543",2019-01-01,"CR33","CR14",110260
"544",2019-01-01,"CR33","CR15",8105
"545",2019-01-01,"CR33","CR16",13404
"546",2019-01-01,"CR33","CR17",322451
"547",2019-01-01,"CR33","CR20",42
"548",2019-01-01,"CR33","CR26",2
"549",2019-01-01,"CR33","CR28",500
"550",2019-01-01,"CR33","CR29",748
"551",2019-01-01,"CR33","CR30",432
"552",2019-01-01,"CR33","CR31",864
"553",2019-01-01,"CR33","CR32",32905
"554",2019-01-01,"CR33","CR33",453483
"555",2019-01-01,"CR33","CR34",158106
"556",2019-01-01,"CR33","CR35",647684
"557",2019-01-01,"CR33","CR36",220239
"558",2019-01-01,"CR33","CR37",36259
"559",2019-01-01,"CR33","CR38",33764
"560",2019-01-01,"CR33","CR39",1062
"561",2019-01-01,"CR34","CR08",2236
"562",2019-01-01,"CR34","CR10",1440
"563",2019-01-01,"CR34","CR11",1196
"564",2019-01-01,"CR34","CR12",5148
"565",2019-01-01,"CR34","CR13",103490
"566",2019-01-01,"CR34","CR14",147739
"567",2019-01-01,"CR34","CR15",14145
"568",2019-01-01,"CR34","CR16",40
"569",2019-01-01,"CR34","CR17",168782
"570",2019-01-01,"CR34","CR23",8
"571",2019-01-01,"CR34","CR24",6
"572",2019-01-01,"CR34","CR28",614
"573",2019-01-01,"CR34","CR29",400
"574",2019-01-01,"CR34","CR30",608
"575",2019-01-01,"CR34","CR31",10230
"576",2019-01-01,"CR34","CR32",14102
"577",2019-01-01,"CR34","CR33",127228
"578",2019-01-01,"CR34","CR34",675843
"579",2019-01-01,"CR34","CR35",965107
"580",2019-01-01,"CR34","CR36",759973
"581",2019-01-01,"CR34","CR37",71176
"582",2019-01-01,"CR34","CR38",59729
"583",2019-01-01,"CR34","CR39",1300
"584",2019-01-01,"CR34","CR40",6
"585",2019-01-01,"CR35","CR01",27912
"586",2019-01-01,"CR35","CR04",2772
"587",2019-01-01,"CR35","CR06",2725
"588",2019-01-01,"CR35","CR08",490
"589",2019-01-01,"CR35","CR09",2976
"590",2019-01-01,"CR35","CR10",33033
"591",2019-01-01,"CR35","CR11",4386
"592",2019-01-01,"CR35","CR12",125810
"593",2019-01-01,"CR35","CR13",446048
"594",2019-01-01,"CR35","CR14",1136931
"595",2019-01-01,"CR35","CR15",139372
"596",2019-01-01,"CR35","CR16",65913
"597",2019-01-01,"CR35","CR17",925876
"598",2019-01-01,"CR35","CR18",4
"599",2019-01-01,"CR35","CR23",86
"600",2019-01-01,"CR35","CR25",480
"601",2019-01-01,"CR35","CR26",4
"602",2019-01-01,"CR35","CR28",1148
"603",2019-01-01,"CR35","CR29",738
"604",2019-01-01,"CR35","CR30",4368
"605",2019-01-01,"CR35","CR31",28760
"606",2019-01-01,"CR35","CR32",85118
"607",2019-01-01,"CR35","CR33",130213
"608",2019-01-01,"CR35","CR34",150582
"609",2019-01-01,"CR35","CR35",6982881
"610",2019-01-01,"CR35","CR36",3084657
"611",2019-01-01,"CR35","CR37",669499
"612",2019-01-01,"CR35","CR38",312364
"613",2019-01-01,"CR35","CR39",7900
"614",2019-01-01,"CR35","CR40",22388
"615",2019-01-01,"CR36","CR02",4
"616",2019-01-01,"CR36","CR09",2360
"617",2019-01-01,"CR36","CR10",8560
"618",2019-01-01,"CR36","CR11",5557
"619",2019-01-01,"CR36","CR12",42772
"620",2019-01-01,"CR36","CR13",350606
"621",2019-01-01,"CR36","CR14",1150032
"622",2019-01-01,"CR36","CR15",26547
"623",2019-01-01,"CR36","CR16",17570
"624",2019-01-01,"CR36","CR17",681029
"625",2019-01-01,"CR36","CR18",4
"626",2019-01-01,"CR36","CR25",1492
"627",2019-01-01,"CR36","CR28",440
"628",2019-01-01,"CR36","CR29",111892
"629",2019-01-01,"CR36","CR30",714
"630",2019-01-01,"CR36","CR31",46540
"631",2019-01-01,"CR36","CR32",117784
"632",2019-01-01,"CR36","CR33",245025
"633",2019-01-01,"CR36","CR34",204415
"634",2019-01-01,"CR36","CR35",2852780
"635",2019-01-01,"CR36","CR36",4845293
"636",2019-01-01,"CR36","CR37",644127
"637",2019-01-01,"CR36","CR38",420304
"638",2019-01-01,"CR36","CR39",7259
"639",2019-01-01,"CR37","CR09",500
"640",2019-01-01,"CR37","CR10",7122
"641",2019-01-01,"CR37","CR11",1807
"642",2019-01-01,"CR37","CR12",19035
"643",2019-01-01,"CR37","CR13",230049
"644",2019-01-01,"CR37","CR14",684639
"645",2019-01-01,"CR37","CR15",37727
"646",2019-01-01,"CR37","CR16",362
"647",2019-01-01,"CR37","CR17",542057
"648",2019-01-01,"CR37","CR23",640
"649",2019-01-01,"CR37","CR28",614
"650",2019-01-01,"CR37","CR30",2916
"651",2019-01-01,"CR37","CR31",2870
"652",2019-01-01,"CR37","CR32",6818
"653",2019-01-01,"CR37","CR33",8430
"654",2019-01-01,"CR37","CR34",45488
"655",2019-01-01,"CR37","CR35",1639163
"656",2019-01-01,"CR37","CR36",1980809
"657",2019-01-01,"CR37","CR37",2088271
"658",2019-01-01,"CR37","CR38",332071
"659",2019-01-01,"CR37","CR39",5090
"660",2019-01-01,"CR37","CR40",57299
"661",2019-01-01,"CR38","CR10",384
"662",2019-01-01,"CR38","CR11",624
"663",2019-01-01,"CR38","CR12",1972
"664",2019-01-01,"CR38","CR13",25740
"665",2019-01-01,"CR38","CR14",366904
"666",2019-01-01,"CR38","CR15",7603
"667",2019-01-01,"CR38","CR16",334
"668",2019-01-01,"CR38","CR17",221351
"669",2019-01-01,"CR38","CR33",1446
"670",2019-01-01,"CR38","CR34",5582
"671",2019-01-01,"CR38","CR35",479520
"672",2019-01-01,"CR38","CR36",931350
"673",2019-01-01,"CR38","CR37",244822
"674",2019-01-01,"CR38","CR38",1205850
"675",2019-01-01,"CR38","CR39",58160
"676",2019-01-01,"CR38","CR40",1440
"677",2019-01-01,"CR39","CR07",6
"678",2019-01-01,"CR39","CR10",42
"679",2019-01-01,"CR39","CR13",6162
"680",2019-01-01,"CR39","CR14",12888
"681",2019-01-01,"CR39","CR15",6
"682",2019-01-01,"CR39","CR17",5388
"683",2019-01-01,"CR39","CR33",22
"684",2019-01-01,"CR39","CR35",23070
"685",2019-01-01,"CR39","CR36",30536
"686",2019-01-01,"CR39","CR37",14
"687",2019-01-01,"CR39","CR38",11490
"688",2019-01-01,"CR39","CR39",26056
"689",2019-01-01,"CR40","CR01",3934
"690",2019-01-01,"CR40","CR03",6
"691",2019-01-01,"CR40","CR06",18
"692",2019-01-01,"CR40","CR09",700
"693",2019-01-01,"CR40","CR10",285
"694",2019-01-01,"CR40","CR11",3
"695",2019-01-01,"CR40","CR12",23753
"696",2019-01-01,"CR40","CR13",59854
"697",2019-01-01,"CR40","CR14",24959
"698",2019-01-01,"CR40","CR15",8222
"699",2019-01-01,"CR40","CR16",68
"700",2019-01-01,"CR40","CR17",131722
"701",2019-01-01,"CR40","CR23",40
"702",2019-01-01,"CR40","CR28",2019
"703",2019-01-01,"CR40","CR30",861
"704",2019-01-01,"CR40","CR31",29014
"705",2019-01-01,"CR40","CR33",316
"706",2019-01-01,"CR40","CR34",1094
"707",2019-01-01,"CR40","CR35",63548
"708",2019-01-01,"CR40","CR36",10890
"709",2019-01-01,"CR40","CR37",2124
"710",2019-01-01,"CR40","CR38",7322
"711",2019-01-01,"CR40","CR39",64
"712",2019-01-01,"CR40","CR40",13775
"713",2019-01-01,NA,"CR13",4
"714",2019-01-01,NA,"CR29",4
"715",2019-01-01,NA,"CR34",2
"716",2019-01-01,NA,"CR36",4
"717",2020-01-01,"CR01","CR01",115812
"718",2020-01-01,"CR01","CR02",4
"719",2020-01-01,"CR01","CR03",4657
"720",2020-01-01,"CR01","CR05",4467
"721",2020-01-01,"CR01","CR06",5468
"722",2020-01-01,"CR01","CR07",52
"723",2020-01-01,"CR01","CR08",56415
"724",2020-01-01,"CR01","CR09",12852
"725",2020-01-01,"CR01","CR10",21080
"726",2020-01-01,"CR01","CR11",12388
"727",2020-01-01,"CR01","CR12",8166
"728",2020-01-01,"CR01","CR13",56701
"729",2020-01-01,"CR01","CR14",121609
"730",2020-01-01,"CR01","CR15",2174
"731",2020-01-01,"CR01","CR17",13426
"732",2020-01-01,"CR01","CR30",28
"733",2020-01-01,"CR01","CR35",163564
"734",2020-01-01,"CR01","CR36",9664
"735",2020-01-01,"CR01","CR38",1426
"736",2020-01-01,"CR02","CR01",1152
"737",2020-01-01,"CR02","CR02",8
"738",2020-01-01,"CR02","CR03",1342
"739",2020-01-01,"CR02","CR04",8
"740",2020-01-01,"CR02","CR08",2
"741",2020-01-01,"CR02","CR10",1800
"742",2020-01-01,"CR02","CR11",1
"743",2020-01-01,"CR02","CR14",32103
"744",2020-01-01,"CR03","CR01",2374
"745",2020-01-01,"CR03","CR02",10
"746",2020-01-01,"CR03","CR03",25922
"747",2020-01-01,"CR03","CR04",6070
"748",2020-01-01,"CR03","CR05",14
"749",2020-01-01,"CR03","CR06",31456
"750",2020-01-01,"CR03","CR07",64
"751",2020-01-01,"CR03","CR08",680
"752",2020-01-01,"CR03","CR09",64
"753",2020-01-01,"CR03","CR10",9466
"754",2020-01-01,"CR03","CR11",1080
"755",2020-01-01,"CR03","CR12",2656
"756",2020-01-01,"CR03","CR13",8845
"757",2020-01-01,"CR03","CR14",26164
"758",2020-01-01,"CR03","CR17",7420
"759",2020-01-01,"CR03","CR18",6
"760",2020-01-01,"CR03","CR31",4
"761",2020-01-01,"CR03","CR33",14
"762",2020-01-01,"CR03","CR35",6613
"763",2020-01-01,"CR03","CR36",60209
"764",2020-01-01,"CR03","CR39",2
"765",2020-01-01,"CR03","CR40",8
"766",2020-01-01,"CR04","CR02",2
"767",2020-01-01,"CR04","CR03",32
"768",2020-01-01,"CR04","CR04",26544
"769",2020-01-01,"CR04","CR05",8
"770",2020-01-01,"CR04","CR06",864
"771",2020-01-01,"CR04","CR07",2
"772",2020-01-01,"CR04","CR09",20
"773",2020-01-01,"CR04","CR10",30586
"774",2020-01-01,"CR04","CR12",290
"775",2020-01-01,"CR04","CR13",8352
"776",2020-01-01,"CR04","CR14",864
"777",2020-01-01,"CR04","CR17",8628
"778",2020-01-01,"CR04","CR18",14
"779",2020-01-01,"CR04","CR35",23078
"780",2020-01-01,"CR04","CR36",6849
"781",2020-01-01,"CR05","CR04",6088
"782",2020-01-01,"CR05","CR05",9958
"783",2020-01-01,"CR05","CR06",386
"784",2020-01-01,"CR05","CR07",6
"785",2020-01-01,"CR05","CR09",348
"786",2020-01-01,"CR05","CR10",38
"787",2020-01-01,"CR05","CR12",42
"788",2020-01-01,"CR05","CR13",34602
"789",2020-01-01,"CR05","CR14",9122
"790",2020-01-01,"CR05","CR15",1110
"791",2020-01-01,"CR05","CR16",8
"792",2020-01-01,"CR05","CR17",34783
"793",2020-01-01,"CR05","CR18",12
"794",2020-01-01,"CR05","CR28",8354
"795",2020-01-01,"CR05","CR31",1222
"796",2020-01-01,"CR05","CR34",20
"797",2020-01-01,"CR05","CR35",1220
"798",2020-01-01,"CR05","CR36",43622
"799",2020-01-01,"CR06","CR01",38866
"800",2020-01-01,"CR06","CR03",32354
"801",2020-01-01,"CR06","CR04",4370
"802",2020-01-01,"CR06","CR05",14750
"803",2020-01-01,"CR06","CR06",24550
"804",2020-01-01,"CR06","CR07",60054
"805",2020-01-01,"CR06","CR08",6
"806",2020-01-01,"CR06","CR09",908
"807",2020-01-01,"CR06","CR10",22144
"808",2020-01-01,"CR06","CR11",9948
"809",2020-01-01,"CR06","CR12",11626
"810",2020-01-01,"CR06","CR13",37812
"811",2020-01-01,"CR06","CR14",12320
"812",2020-01-01,"CR06","CR15",700
"813",2020-01-01,"CR06","CR17",35309
"814",2020-01-01,"CR06","CR18",982
"815",2020-01-01,"CR06","CR33",14850
"816",2020-01-01,"CR06","CR34",14
"817",2020-01-01,"CR06","CR35",6226
"818",2020-01-01,"CR06","CR36",72600
"819",2020-01-01,"CR06","CR37",682
"820",2020-01-01,"CR07","CR01",14754
"821",2020-01-01,"CR07","CR02",4
"822",2020-01-01,"CR07","CR03",360
"823",2020-01-01,"CR07","CR04",970
"824",2020-01-01,"CR07","CR05",11214
"825",2020-01-01,"CR07","CR06",28010
"826",2020-01-01,"CR07","CR07",40086
"827",2020-01-01,"CR07","CR08",5484
"828",2020-01-01,"CR07","CR09",15538
"829",2020-01-01,"CR07","CR10",18814
"830",2020-01-01,"CR07","CR11",1653
"831",2020-01-01,"CR07","CR12",1853
"832",2020-01-01,"CR07","CR13",22832
"833",2020-01-01,"CR07","CR14",42564
"834",2020-01-01,"CR07","CR15",20502
"835",2020-01-01,"CR07","CR16",11895
"836",2020-01-01,"CR07","CR17",50042
"837",2020-01-01,"CR07","CR18",4
"838",2020-01-01,"CR07","CR34",4
"839",2020-01-01,"CR07","CR35",31939
"840",2020-01-01,"CR07","CR36",30527
"841",2020-01-01,"CR07","CR37",112
"842",2020-01-01,"CR07","CR38",80
"843",2020-01-01,"CR07","CR40",4480
"844",2020-01-01,"CR08","CR01",148902
"845",2020-01-01,"CR08","CR03",602
"846",2020-01-01,"CR08","CR05",4
"847",2020-01-01,"CR08","CR06",716
"848",2020-01-01,"CR08","CR07",25464
"849",2020-01-01,"CR08","CR08",50740
"850",2020-01-01,"CR08","CR09",8130
"851",2020-01-01,"CR08","CR10",16289
"852",2020-01-01,"CR08","CR11",974
"853",2020-01-01,"CR08","CR12",71206
"854",2020-01-01,"CR08","CR13",154267
"855",2020-01-01,"CR08","CR14",115675
"856",2020-01-01,"CR08","CR15",13764
"857",2020-01-01,"CR08","CR16",33495
"858",2020-01-01,"CR08","CR17",15103
"859",2020-01-01,"CR08","CR18",6
"860",2020-01-01,"CR08","CR23",4
"861",2020-01-01,"CR08","CR35",115388
"862",2020-01-01,"CR08","CR36",6
"863",2020-01-01,"CR08","CR40",2
"864",2020-01-01,"CR09","CR01",4
"865",2020-01-01,"CR09","CR03",24
"866",2020-01-01,"CR09","CR06",602
"867",2020-01-01,"CR09","CR07",5535
"868",2020-01-01,"CR09","CR08",11708
"869",2020-01-01,"CR09","CR09",15864
"870",2020-01-01,"CR09","CR10",17792
"871",2020-01-01,"CR09","CR11",8
"872",2020-01-01,"CR09","CR12",26788
"873",2020-01-01,"CR09","CR13",90385
"874",2020-01-01,"CR09","CR14",76086
"875",2020-01-01,"CR09","CR15",172
"876",2020-01-01,"CR09","CR17",24895
"877",2020-01-01,"CR09","CR23",8
"878",2020-01-01,"CR09","CR35",44402
"879",2020-01-01,"CR09","CR36",6442
"880",2020-01-01,"CR09","CR38",2600
"881",2020-01-01,"CR10","CR01",164178
"882",2020-01-01,"CR10","CR02",408
"883",2020-01-01,"CR10","CR03",898
"884",2020-01-01,"CR10","CR04",3986
"885",2020-01-01,"CR10","CR06",485
"886",2020-01-01,"CR10","CR07",25943
"887",2020-01-01,"CR10","CR08",54586
"888",2020-01-01,"CR10","CR09",63173
"889",2020-01-01,"CR10","CR10",485572
"890",2020-01-01,"CR10","CR11",41273
"891",2020-01-01,"CR10","CR12",148769
"892",2020-01-01,"CR10","CR13",339665
"893",2020-01-01,"CR10","CR14",269081
"894",2020-01-01,"CR10","CR15",43493
"895",2020-01-01,"CR10","CR16",18124
"896",2020-01-01,"CR10","CR17",136412
"897",2020-01-01,"CR10","CR18",98
"898",2020-01-01,"CR10","CR19",4
"899",2020-01-01,"CR10","CR22",4
"900",2020-01-01,"CR10","CR23",176
"901",2020-01-01,"CR10","CR26",4
"902",2020-01-01,"CR10","CR28",2
"903",2020-01-01,"CR10","CR29",6
"904",2020-01-01,"CR10","CR30",601
"905",2020-01-01,"CR10","CR32",8
"906",2020-01-01,"CR10","CR33",184
"907",2020-01-01,"CR10","CR34",8896
"908",2020-01-01,"CR10","CR35",404901
"909",2020-01-01,"CR10","CR36",56585
"910",2020-01-01,"CR10","CR37",5748
"911",2020-01-01,"CR10","CR38",19150
"912",2020-01-01,"CR10","CR39",8
"913",2020-01-01,"CR10","CR40",1854
"914",2020-01-01,"CR11","CR01",840
"915",2020-01-01,"CR11","CR03",4
"916",2020-01-01,"CR11","CR05",2
"917",2020-01-01,"CR11","CR06",6010
"918",2020-01-01,"CR11","CR08",752
"919",2020-01-01,"CR11","CR09",4229
"920",2020-01-01,"CR11","CR10",135227
"921",2020-01-01,"CR11","CR11",362458
"922",2020-01-01,"CR11","CR12",129079
"923",2020-01-01,"CR11","CR13",317712
"924",2020-01-01,"CR11","CR14",285158
"925",2020-01-01,"CR11","CR15",20552
"926",2020-01-01,"CR11","CR16",360
"927",2020-01-01,"CR11","CR17",63513
"928",2020-01-01,"CR11","CR27",4
"929",2020-01-01,"CR11","CR28",648
"930",2020-01-01,"CR11","CR33",720
"931",2020-01-01,"CR11","CR34",4
"932",2020-01-01,"CR11","CR35",136105
"933",2020-01-01,"CR11","CR36",64127
"934",2020-01-01,"CR11","CR40",25908
"935",2020-01-01,"CR12","CR01",16849
"936",2020-01-01,"CR12","CR04",4
"937",2020-01-01,"CR12","CR06",330
"938",2020-01-01,"CR12","CR07",9790
"939",2020-01-01,"CR12","CR08",157991
"940",2020-01-01,"CR12","CR09",14447
"941",2020-01-01,"CR12","CR10",234312
"942",2020-01-01,"CR12","CR11",164749
"943",2020-01-01,"CR12","CR12",1105232
"944",2020-01-01,"CR12","CR13",552682
"945",2020-01-01,"CR12","CR14",728189
"946",2020-01-01,"CR12","CR15",34800
"947",2020-01-01,"CR12","CR16",12244
"948",2020-01-01,"CR12","CR17",522054
"949",2020-01-01,"CR12","CR18",8398
"950",2020-01-01,"CR12","CR20",6
"951",2020-01-01,"CR12","CR22",10
"952",2020-01-01,"CR12","CR25",10512
"953",2020-01-01,"CR12","CR29",1300
"954",2020-01-01,"CR12","CR30",240
"955",2020-01-01,"CR12","CR32",6078
"956",2020-01-01,"CR12","CR33",966
"957",2020-01-01,"CR12","CR34",28694
"958",2020-01-01,"CR12","CR35",398312
"959",2020-01-01,"CR12","CR36",88015
"960",2020-01-01,"CR12","CR37",162
"961",2020-01-01,"CR12","CR38",17184
"962",2020-01-01,"CR12","CR39",4
"963",2020-01-01,"CR12",NA,8
"964",2020-01-01,"CR13","CR01",46764
"965",2020-01-01,"CR13","CR02",4
"966",2020-01-01,"CR13","CR03",4
"967",2020-01-01,"CR13","CR05",27215
"968",2020-01-01,"CR13","CR06",7312
"969",2020-01-01,"CR13","CR08",31449
"970",2020-01-01,"CR13","CR09",5898
"971",2020-01-01,"CR13","CR10",41116
"972",2020-01-01,"CR13","CR11",24520
"973",2020-01-01,"CR13","CR12",52607
"974",2020-01-01,"CR13","CR13",922487
"975",2020-01-01,"CR13","CR14",359566
"976",2020-01-01,"CR13","CR15",58971
"977",2020-01-01,"CR13","CR16",78178
"978",2020-01-01,"CR13","CR17",751300
"979",2020-01-01,"CR13","CR18",3078
"980",2020-01-01,"CR13","CR19",8
"981",2020-01-01,"CR13","CR23",10800
"982",2020-01-01,"CR13","CR25",9198
"983",2020-01-01,"CR13","CR26",6
"984",2020-01-01,"CR13","CR27",4
"985",2020-01-01,"CR13","CR28",11830
"986",2020-01-01,"CR13","CR29",10140
"987",2020-01-01,"CR13","CR30",1225
"988",2020-01-01,"CR13","CR33",31164
"989",2020-01-01,"CR13","CR34",3580
"990",2020-01-01,"CR13","CR35",208810
"991",2020-01-01,"CR13","CR36",61364
"992",2020-01-01,"CR13","CR37",1346
"993",2020-01-01,"CR13","CR38",11986
"994",2020-01-01,"CR13","CR39",6
"995",2020-01-01,"CR13","CR40",10048
"996",2020-01-01,"CR14","CR01",39606
"997",2020-01-01,"CR14","CR04",6
"998",2020-01-01,"CR14","CR06",4
"999",2020-01-01,"CR14","CR07",10
"1000",2020-01-01,"CR14","CR08",12948
"1001",2020-01-01,"CR14","CR09",8544
"1002",2020-01-01,"CR14","CR10",71415
"1003",2020-01-01,"CR14","CR11",128799
"1004",2020-01-01,"CR14","CR12",464122
"1005",2020-01-01,"CR14","CR13",679658
"1006",2020-01-01,"CR14","CR14",2139995
"1007",2020-01-01,"CR14","CR15",115482
"1008",2020-01-01,"CR14","CR16",2774
"1009",2020-01-01,"CR14","CR17",244178
"1010",2020-01-01,"CR14","CR18",2
"1011",2020-01-01,"CR14","CR23",12
"1012",2020-01-01,"CR14","CR28",7330
"1013",2020-01-01,"CR14","CR29",2612
"1014",2020-01-01,"CR14","CR30",518
"1015",2020-01-01,"CR14","CR32",14226
"1016",2020-01-01,"CR14","CR33",2608
"1017",2020-01-01,"CR14","CR34",1968
"1018",2020-01-01,"CR14","CR35",824244
"1019",2020-01-01,"CR14","CR36",74289
"1020",2020-01-01,"CR14","CR37",59470
"1021",2020-01-01,"CR14","CR38",12856
"1022",2020-01-01,"CR14","CR39",4
"1023",2020-01-01,"CR14","CR40",54041
"1024",2020-01-01,"CR15","CR01",16718
"1025",2020-01-01,"CR15","CR09",2950
"1026",2020-01-01,"CR15","CR10",53260
"1027",2020-01-01,"CR15","CR11",1066
"1028",2020-01-01,"CR15","CR12",36357
"1029",2020-01-01,"CR15","CR13",101223
"1030",2020-01-01,"CR15","CR14",256625
"1031",2020-01-01,"CR15","CR15",123798
"1032",2020-01-01,"CR15","CR16",84985
"1033",2020-01-01,"CR15","CR17",93139
"1034",2020-01-01,"CR15","CR20",4
"1035",2020-01-01,"CR15","CR33",13712
"1036",2020-01-01,"CR15","CR34",40390
"1037",2020-01-01,"CR15","CR35",184382
"1038",2020-01-01,"CR15","CR36",106003
"1039",2020-01-01,"CR15","CR37",8098
"1040",2020-01-01,"CR15","CR38",10232
"1041",2020-01-01,"CR15","CR39",14
"1042",2020-01-01,"CR15","CR40",14510
"1043",2020-01-01,"CR16","CR03",14
"1044",2020-01-01,"CR16","CR07",2
"1045",2020-01-01,"CR16","CR10",1143
"1046",2020-01-01,"CR16","CR11",11732
"1047",2020-01-01,"CR16","CR12",182
"1048",2020-01-01,"CR16","CR13",84720
"1049",2020-01-01,"CR16","CR14",108883
"1050",2020-01-01,"CR16","CR15",68785
"1051",2020-01-01,"CR16","CR16",27206
"1052",2020-01-01,"CR16","CR17",158102
"1053",2020-01-01,"CR16","CR20",4
"1054",2020-01-01,"CR16","CR23",14
"1055",2020-01-01,"CR16","CR28",18138
"1056",2020-01-01,"CR16","CR29",672
"1057",2020-01-01,"CR16","CR30",13224
"1058",2020-01-01,"CR16","CR32",6
"1059",2020-01-01,"CR16","CR33",25994
"1060",2020-01-01,"CR16","CR34",524
"1061",2020-01-01,"CR16","CR35",294424
"1062",2020-01-01,"CR16","CR36",28893
"1063",2020-01-01,"CR16","CR37",576
"1064",2020-01-01,"CR16","CR38",1950
"1065",2020-01-01,"CR16","CR39",8
"1066",2020-01-01,"CR16","CR40",2838
"1067",2020-01-01,"CR17","CR01",64840
"1068",2020-01-01,"CR17","CR03",10
"1069",2020-01-01,"CR17","CR04",4
"1070",2020-01-01,"CR17","CR05",4
"1071",2020-01-01,"CR17","CR07",270
"1072",2020-01-01,"CR17","CR08",351
"1073",2020-01-01,"CR17","CR09",400
"1074",2020-01-01,"CR17","CR10",20494
"1075",2020-01-01,"CR17","CR11",9520
"1076",2020-01-01,"CR17","CR12",25036
"1077",2020-01-01,"CR17","CR13",217852
"1078",2020-01-01,"CR17","CR14",118832
"1079",2020-01-01,"CR17","CR15",23921
"1080",2020-01-01,"CR17","CR16",17040
"1081",2020-01-01,"CR17","CR17",505866
"1082",2020-01-01,"CR17","CR22",4
"1083",2020-01-01,"CR17","CR23",8
"1084",2020-01-01,"CR17","CR24",14
"1085",2020-01-01,"CR17","CR25",778
"1086",2020-01-01,"CR17","CR26",8
"1087",2020-01-01,"CR17","CR28",18070
"1088",2020-01-01,"CR17","CR29",16
"1089",2020-01-01,"CR17","CR30",12847
"1090",2020-01-01,"CR17","CR32",192
"1091",2020-01-01,"CR17","CR33",2956
"1092",2020-01-01,"CR17","CR34",9468
"1093",2020-01-01,"CR17","CR35",96990
"1094",2020-01-01,"CR17","CR36",43196
"1095",2020-01-01,"CR17","CR37",962
"1096",2020-01-01,"CR17","CR38",1816
"1097",2020-01-01,"CR17","CR40",29760
"1098",2020-01-01,"CR18","CR05",5924
"1099",2020-01-01,"CR18","CR06",260
"1100",2020-01-01,"CR18","CR10",2148
"1101",2020-01-01,"CR18","CR12",1718
"1102",2020-01-01,"CR18","CR13",50508
"1103",2020-01-01,"CR18","CR14",9464
"1104",2020-01-01,"CR18","CR17",15565
"1105",2020-01-01,"CR18","CR18",10652
"1106",2020-01-01,"CR18","CR19",102
"1107",2020-01-01,"CR18","CR23",187
"1108",2020-01-01,"CR18","CR27",6
"1109",2020-01-01,"CR18","CR37",432
"1110",2020-01-01,"CR18","CR40",2304
"1111",2020-01-01,"CR19","CR13",17066
"1112",2020-01-01,"CR19","CR14",52
"1113",2020-01-01,"CR19","CR17",926
"1114",2020-01-01,"CR19","CR18",4
"1115",2020-01-01,"CR19","CR19",100
"1116",2020-01-01,"CR19","CR35",34
"1117",2020-01-01,"CR20","CR13",12
"1118",2020-01-01,"CR20","CR15",62
"1119",2020-01-01,"CR20","CR18",6
"1120",2020-01-01,"CR20","CR19",30
"1121",2020-01-01,"CR20","CR20",22
"1122",2020-01-01,"CR20","CR22",4
"1123",2020-01-01,"CR21","CR18",4
"1124",2020-01-01,"CR21","CR19",4
"1125",2020-01-01,"CR22","CR19",6
"1126",2020-01-01,"CR23","CR13",6830
"1127",2020-01-01,"CR23","CR14",1756
"1128",2020-01-01,"CR23","CR15",1346
"1129",2020-01-01,"CR23","CR17",13616
"1130",2020-01-01,"CR23","CR18",888
"1131",2020-01-01,"CR23","CR19",369
"1132",2020-01-01,"CR23","CR20",22
"1133",2020-01-01,"CR23","CR23",12
"1134",2020-01-01,"CR23","CR24",16
"1135",2020-01-01,"CR23","CR25",4
"1136",2020-01-01,"CR23","CR28",502
"1137",2020-01-01,"CR23","CR33",4
"1138",2020-01-01,"CR23","CR36",1748
"1139",2020-01-01,"CR24","CR10",2
"1140",2020-01-01,"CR24","CR12",4
"1141",2020-01-01,"CR24","CR13",14
"1142",2020-01-01,"CR24","CR15",74
"1143",2020-01-01,"CR24","CR17",22
"1144",2020-01-01,"CR24","CR18",2
"1145",2020-01-01,"CR24","CR23",16
"1146",2020-01-01,"CR24","CR36",2
"1147",2020-01-01,"CR25","CR01",4
"1148",2020-01-01,"CR25","CR13",25040
"1149",2020-01-01,"CR25","CR14",120
"1150",2020-01-01,"CR25","CR17",20571
"1151",2020-01-01,"CR25","CR25",778
"1152",2020-01-01,"CR25","CR27",2
"1153",2020-01-01,"CR25","CR28",4
"1154",2020-01-01,"CR25","CR35",14938
"1155",2020-01-01,"CR26","CR14",2
"1156",2020-01-01,"CR26","CR16",8
"1157",2020-01-01,"CR26","CR17",38
"1158",2020-01-01,"CR26","CR24",8
"1159",2020-01-01,"CR26","CR26",14
"1160",2020-01-01,"CR26","CR28",4
"1161",2020-01-01,"CR26","CR29",6
"1162",2020-01-01,"CR26","CR32",2
"1163",2020-01-01,"CR27","CR33",6
"1164",2020-01-01,"CR28","CR08",4
"1165",2020-01-01,"CR28","CR10",440
"1166",2020-01-01,"CR28","CR12",4616
"1167",2020-01-01,"CR28","CR13",31419
"1168",2020-01-01,"CR28","CR14",11936
"1169",2020-01-01,"CR28","CR15",8828
"1170",2020-01-01,"CR28","CR16",1224
"1171",2020-01-01,"CR28","CR17",58672
"1172",2020-01-01,"CR28","CR23",4
"1173",2020-01-01,"CR28","CR25",16164
"1174",2020-01-01,"CR28","CR26",4
"1175",2020-01-01,"CR28","CR28",7426
"1176",2020-01-01,"CR28","CR29",4
"1177",2020-01-01,"CR28","CR30",1122
"1178",2020-01-01,"CR28","CR33",28308
"1179",2020-01-01,"CR28","CR35",21792
"1180",2020-01-01,"CR28","CR36",5457
"1181",2020-01-01,"CR28","CR38",820
"1182",2020-01-01,"CR28","CR39",4
"1183",2020-01-01,"CR29","CR03",4
"1184",2020-01-01,"CR29","CR07",2
"1185",2020-01-01,"CR29","CR11",4
"1186",2020-01-01,"CR29","CR13",188
"1187",2020-01-01,"CR29","CR14",2
"1188",2020-01-01,"CR29","CR15",34
"1189",2020-01-01,"CR29","CR16",8
"1190",2020-01-01,"CR29","CR17",241
"1191",2020-01-01,"CR29","CR18",8
"1192",2020-01-01,"CR29","CR23",4
"1193",2020-01-01,"CR29","CR28",6456
"1194",2020-01-01,"CR29","CR29",144
"1195",2020-01-01,"CR29","CR30",2
"1196",2020-01-01,"CR29","CR31",12
"1197",2020-01-01,"CR29","CR32",186
"1198",2020-01-01,"CR29","CR33",188
"1199",2020-01-01,"CR29","CR34",14
"1200",2020-01-01,"CR29","CR35",29703
"1201",2020-01-01,"CR29","CR36",79633
"1202",2020-01-01,"CR30","CR10",516
"1203",2020-01-01,"CR30","CR11",80292
"1204",2020-01-01,"CR30","CR13",1484
"1205",2020-01-01,"CR30","CR14",9815
"1206",2020-01-01,"CR30","CR15",3391
"1207",2020-01-01,"CR30","CR16",4
"1208",2020-01-01,"CR30","CR17",30024
"1209",2020-01-01,"CR30","CR28",2010
"1210",2020-01-01,"CR30","CR29",6
"1211",2020-01-01,"CR30","CR30",2621
"1212",2020-01-01,"CR30","CR32",7275
"1213",2020-01-01,"CR30","CR33",8273
"1214",2020-01-01,"CR30","CR34",46
"1215",2020-01-01,"CR30","CR35",10006
"1216",2020-01-01,"CR30","CR36",7292
"1217",2020-01-01,"CR30","CR38",454
"1218",2020-01-01,"CR31","CR13",197
"1219",2020-01-01,"CR31","CR17",19510
"1220",2020-01-01,"CR31","CR31",10585
"1221",2020-01-01,"CR31","CR35",21310
"1222",2020-01-01,"CR31","CR36",48328
"1223",2020-01-01,"CR31","CR38",14
"1224",2020-01-01,"CR32","CR02",4
"1225",2020-01-01,"CR32","CR08",2
"1226",2020-01-01,"CR32","CR10",720
"1227",2020-01-01,"CR32","CR12",43584
"1228",2020-01-01,"CR32","CR13",1214
"1229",2020-01-01,"CR32","CR14",45324
"1230",2020-01-01,"CR32","CR15",4
"1231",2020-01-01,"CR32","CR17",10156
"1232",2020-01-01,"CR32","CR27",4
"1233",2020-01-01,"CR32","CR29",4
"1234",2020-01-01,"CR32","CR31",64
"1235",2020-01-01,"CR32","CR32",13616
"1236",2020-01-01,"CR32","CR33",51688
"1237",2020-01-01,"CR32","CR34",6916
"1238",2020-01-01,"CR32","CR35",154800
"1239",2020-01-01,"CR32","CR36",74356
"1240",2020-01-01,"CR33","CR11",900
"1241",2020-01-01,"CR33","CR12",762
"1242",2020-01-01,"CR33","CR13",93308
"1243",2020-01-01,"CR33","CR14",88736
"1244",2020-01-01,"CR33","CR15",6249
"1245",2020-01-01,"CR33","CR16",8702
"1246",2020-01-01,"CR33","CR17",348321
"1247",2020-01-01,"CR33","CR20",2
"1248",2020-01-01,"CR33","CR26",6
"1249",2020-01-01,"CR33","CR29",161
"1250",2020-01-01,"CR33","CR30",1065
"1251",2020-01-01,"CR33","CR32",29630
"1252",2020-01-01,"CR33","CR33",437232
"1253",2020-01-01,"CR33","CR34",92226
"1254",2020-01-01,"CR33","CR35",622629
"1255",2020-01-01,"CR33","CR36",217880
"1256",2020-01-01,"CR33","CR37",37030
"1257",2020-01-01,"CR33","CR38",49096
"1258",2020-01-01,"CR34","CR04",4
"1259",2020-01-01,"CR34","CR07",1142
"1260",2020-01-01,"CR34","CR08",1368
"1261",2020-01-01,"CR34","CR09",5784
"1262",2020-01-01,"CR34","CR10",60
"1263",2020-01-01,"CR34","CR11",3097
"1264",2020-01-01,"CR34","CR12",13854
"1265",2020-01-01,"CR34","CR13",92523
"1266",2020-01-01,"CR34","CR14",159479
"1267",2020-01-01,"CR34","CR15",7299
"1268",2020-01-01,"CR34","CR17",184406
"1269",2020-01-01,"CR34","CR18",4
"1270",2020-01-01,"CR34","CR24",20
"1271",2020-01-01,"CR34","CR28",280
"1272",2020-01-01,"CR34","CR30",184
"1273",2020-01-01,"CR34","CR31",4
"1274",2020-01-01,"CR34","CR32",5072
"1275",2020-01-01,"CR34","CR33",137215
"1276",2020-01-01,"CR34","CR34",696142
"1277",2020-01-01,"CR34","CR35",747494
"1278",2020-01-01,"CR34","CR36",803314
"1279",2020-01-01,"CR34","CR37",75690
"1280",2020-01-01,"CR34","CR38",45631
"1281",2020-01-01,"CR35","CR01",31400
"1282",2020-01-01,"CR35","CR03",2
"1283",2020-01-01,"CR35","CR04",3144
"1284",2020-01-01,"CR35","CR06",855
"1285",2020-01-01,"CR35","CR07",2
"1286",2020-01-01,"CR35","CR08",1040
"1287",2020-01-01,"CR35","CR09",482
"1288",2020-01-01,"CR35","CR10",81003
"1289",2020-01-01,"CR35","CR11",22924
"1290",2020-01-01,"CR35","CR12",82946
"1291",2020-01-01,"CR35","CR13",492664
"1292",2020-01-01,"CR35","CR14",1105067
"1293",2020-01-01,"CR35","CR15",103250
"1294",2020-01-01,"CR35","CR16",50397
"1295",2020-01-01,"CR35","CR17",916571
"1296",2020-01-01,"CR35","CR19",4
"1297",2020-01-01,"CR35","CR23",10
"1298",2020-01-01,"CR35","CR26",2
"1299",2020-01-01,"CR35","CR29",4968
"1300",2020-01-01,"CR35","CR30",3184
"1301",2020-01-01,"CR35","CR31",24161
"1302",2020-01-01,"CR35","CR32",90810
"1303",2020-01-01,"CR35","CR33",110946
"1304",2020-01-01,"CR35","CR34",130590
"1305",2020-01-01,"CR35","CR35",6826799
"1306",2020-01-01,"CR35","CR36",3135021
"1307",2020-01-01,"CR35","CR37",633966
"1308",2020-01-01,"CR35","CR38",295468
"1309",2020-01-01,"CR35","CR39",18
"1310",2020-01-01,"CR35","CR40",392
"1311",2020-01-01,"CR36","CR06",804
"1312",2020-01-01,"CR36","CR07",2
"1313",2020-01-01,"CR36","CR08",4
"1314",2020-01-01,"CR36","CR09",2300
"1315",2020-01-01,"CR36","CR10",6670
"1316",2020-01-01,"CR36","CR11",2019
"1317",2020-01-01,"CR36","CR12",54830
"1318",2020-01-01,"CR36","CR13",329435
"1319",2020-01-01,"CR36","CR14",1226105
"1320",2020-01-01,"CR36","CR15",48301
"1321",2020-01-01,"CR36","CR16",36356
"1322",2020-01-01,"CR36","CR17",612353
"1323",2020-01-01,"CR36","CR18",2
"1324",2020-01-01,"CR36","CR23",520
"1325",2020-01-01,"CR36","CR25",2832
"1326",2020-01-01,"CR36","CR28",880
"1327",2020-01-01,"CR36","CR29",98546
"1328",2020-01-01,"CR36","CR30",3882
"1329",2020-01-01,"CR36","CR31",32858
"1330",2020-01-01,"CR36","CR32",102922
"1331",2020-01-01,"CR36","CR33",229859
"1332",2020-01-01,"CR36","CR34",117325
"1333",2020-01-01,"CR36","CR35",2648254
"1334",2020-01-01,"CR36","CR36",4978949
"1335",2020-01-01,"CR36","CR37",496589
"1336",2020-01-01,"CR36","CR38",510887
"1337",2020-01-01,"CR36","CR39",2421
"1338",2020-01-01,"CR36","CR40",2
"1339",2020-01-01,"CR37","CR06",2252
"1340",2020-01-01,"CR37","CR09",530
"1341",2020-01-01,"CR37","CR10",58
"1342",2020-01-01,"CR37","CR12",6726
"1343",2020-01-01,"CR37","CR13",252959
"1344",2020-01-01,"CR37","CR14",676671
"1345",2020-01-01,"CR37","CR15",36352
"1346",2020-01-01,"CR37","CR16",288
"1347",2020-01-01,"CR37","CR17",542526
"1348",2020-01-01,"CR37","CR23",4080
"1349",2020-01-01,"CR37","CR30",1096
"1350",2020-01-01,"CR37","CR32",1233
"1351",2020-01-01,"CR37","CR33",5098
"1352",2020-01-01,"CR37","CR34",52101
"1353",2020-01-01,"CR37","CR35",1698533
"1354",2020-01-01,"CR37","CR36",1805771
"1355",2020-01-01,"CR37","CR37",2118897
"1356",2020-01-01,"CR37","CR38",385934
"1357",2020-01-01,"CR37","CR39",3176
"1358",2020-01-01,"CR37","CR40",85278
"1359",2020-01-01,"CR38","CR11",630
"1360",2020-01-01,"CR38","CR12",880
"1361",2020-01-01,"CR38","CR13",26172
"1362",2020-01-01,"CR38","CR14",431047
"1363",2020-01-01,"CR38","CR15",19268
"1364",2020-01-01,"CR38","CR16",724
"1365",2020-01-01,"CR38","CR17",208798
"1366",2020-01-01,"CR38","CR29",5568
"1367",2020-01-01,"CR38","CR33",863
"1368",2020-01-01,"CR38","CR34",7980
"1369",2020-01-01,"CR38","CR35",464391
"1370",2020-01-01,"CR38","CR36",886352
"1371",2020-01-01,"CR38","CR37",224445
"1372",2020-01-01,"CR38","CR38",1249011
"1373",2020-01-01,"CR38","CR39",19730
"1374",2020-01-01,"CR38","CR40",3820
"1375",2020-01-01,"CR39","CR08",4
"1376",2020-01-01,"CR39","CR13",512
"1377",2020-01-01,"CR39","CR14",13648
"1378",2020-01-01,"CR39","CR15",400
"1379",2020-01-01,"CR39","CR17",5952
"1380",2020-01-01,"CR39","CR26",74
"1381",2020-01-01,"CR39","CR35",33916
"1382",2020-01-01,"CR39","CR36",52875
"1383",2020-01-01,"CR39","CR37",364
"1384",2020-01-01,"CR39","CR38",42010
"1385",2020-01-01,"CR39","CR39",24312
"1386",2020-01-01,"CR40","CR01",2401
"1387",2020-01-01,"CR40","CR02",4
"1388",2020-01-01,"CR40","CR03",6
"1389",2020-01-01,"CR40","CR05",4
"1390",2020-01-01,"CR40","CR06",2600
"1391",2020-01-01,"CR40","CR08",6
"1392",2020-01-01,"CR40","CR09",2100
"1393",2020-01-01,"CR40","CR10",540
"1394",2020-01-01,"CR40","CR11",96
"1395",2020-01-01,"CR40","CR12",4195
"1396",2020-01-01,"CR40","CR13",67814
"1397",2020-01-01,"CR40","CR14",31918
"1398",2020-01-01,"CR40","CR15",5302
"1399",2020-01-01,"CR40","CR16",122
"1400",2020-01-01,"CR40","CR17",143107
"1401",2020-01-01,"CR40","CR27",6
"1402",2020-01-01,"CR40","CR28",2022
"1403",2020-01-01,"CR40","CR30",696
"1404",2020-01-01,"CR40","CR31",15785
"1405",2020-01-01,"CR40","CR33",200
"1406",2020-01-01,"CR40","CR34",1070
"1407",2020-01-01,"CR40","CR35",78221
"1408",2020-01-01,"CR40","CR36",10842
"1409",2020-01-01,"CR40","CR37",3021
"1410",2020-01-01,"CR40","CR38",12086
"1411",2020-01-01,"CR40","CR39",72
"1412",2020-01-01,"CR40","CR40",12586
"1413",2020-01-01,NA,"CR12",2
"1414",2020-01-01,NA,"CR13",4
"1415",2020-01-01,NA,"CR34",4
"1416",2021-01-01,"CR01","CR01",116854
"1417",2021-01-01,"CR01","CR02",10
"1418",2021-01-01,"CR01","CR03",4292
"1419",2021-01-01,"CR01","CR04",4
"1420",2021-01-01,"CR01","CR05",4878
"1421",2021-01-01,"CR01","CR06",5276
"1422",2021-01-01,"CR01","CR07",34
"1423",2021-01-01,"CR01","CR08",57962
"1424",2021-01-01,"CR01","CR09",12708
"1425",2021-01-01,"CR01","CR10",16596
"1426",2021-01-01,"CR01","CR11",8572
"1427",2021-01-01,"CR01","CR12",5378
"1428",2021-01-01,"CR01","CR13",98973
"1429",2021-01-01,"CR01","CR14",125436
"1430",2021-01-01,"CR01","CR15",1100
"1431",2021-01-01,"CR01","CR17",16049
"1432",2021-01-01,"CR01","CR30",424
"1433",2021-01-01,"CR01","CR35",220265
"1434",2021-01-01,"CR01","CR36",23894
"1435",2021-01-01,"CR02","CR03",2482
"1436",2021-01-01,"CR02","CR04",6
"1437",2021-01-01,"CR02","CR09",377
"1438",2021-01-01,"CR02","CR10",1005
"1439",2021-01-01,"CR02","CR14",33095
"1440",2021-01-01,"CR02","CR32",4
"1441",2021-01-01,"CR03","CR01",2254
"1442",2021-01-01,"CR03","CR03",26541
"1443",2021-01-01,"CR03","CR04",6252
"1444",2021-01-01,"CR03","CR06",24461
"1445",2021-01-01,"CR03","CR07",116
"1446",2021-01-01,"CR03","CR08",24
"1447",2021-01-01,"CR03","CR09",350
"1448",2021-01-01,"CR03","CR10",8207
"1449",2021-01-01,"CR03","CR11",7007
"1450",2021-01-01,"CR03","CR12",1686
"1451",2021-01-01,"CR03","CR13",6282
"1452",2021-01-01,"CR03","CR14",24734
"1453",2021-01-01,"CR03","CR15",2
"1454",2021-01-01,"CR03","CR17",401
"1455",2021-01-01,"CR03","CR18",12
"1456",2021-01-01,"CR03","CR20",4
"1457",2021-01-01,"CR03","CR30",540
"1458",2021-01-01,"CR03","CR33",24
"1459",2021-01-01,"CR03","CR35",6693
"1460",2021-01-01,"CR03","CR36",60053
"1461",2021-01-01,"CR03","CR37",4
"1462",2021-01-01,"CR04","CR01",18
"1463",2021-01-01,"CR04","CR03",28
"1464",2021-01-01,"CR04","CR04",38688
"1465",2021-01-01,"CR04","CR05",22
"1466",2021-01-01,"CR04","CR06",728
"1467",2021-01-01,"CR04","CR07",10
"1468",2021-01-01,"CR04","CR08",4
"1469",2021-01-01,"CR04","CR10",42131
"1470",2021-01-01,"CR04","CR12",1438
"1471",2021-01-01,"CR04","CR13",19438
"1472",2021-01-01,"CR04","CR14",628
"1473",2021-01-01,"CR04","CR15",500
"1474",2021-01-01,"CR04","CR16",360
"1475",2021-01-01,"CR04","CR17",8778
"1476",2021-01-01,"CR04","CR18",2
"1477",2021-01-01,"CR04","CR28",6
"1478",2021-01-01,"CR04","CR29",4
"1479",2021-01-01,"CR04","CR32",2
"1480",2021-01-01,"CR04","CR35",48019
"1481",2021-01-01,"CR04","CR36",6643
"1482",2021-01-01,"CR05","CR01",39314
"1483",2021-01-01,"CR05","CR03",14
"1484",2021-01-01,"CR05","CR04",97
"1485",2021-01-01,"CR05","CR05",16701
"1486",2021-01-01,"CR05","CR06",224
"1487",2021-01-01,"CR05","CR07",4
"1488",2021-01-01,"CR05","CR08",4
"1489",2021-01-01,"CR05","CR09",292
"1490",2021-01-01,"CR05","CR10",4
"1491",2021-01-01,"CR05","CR12",4
"1492",2021-01-01,"CR05","CR13",30455
"1493",2021-01-01,"CR05","CR14",21509
"1494",2021-01-01,"CR05","CR15",800
"1495",2021-01-01,"CR05","CR17",34233
"1496",2021-01-01,"CR05","CR18",20
"1497",2021-01-01,"CR05","CR20",16
"1498",2021-01-01,"CR05","CR23",8
"1499",2021-01-01,"CR05","CR28",7276
"1500",2021-01-01,"CR05","CR35",4174
"1501",2021-01-01,"CR05","CR36",13852
"1502",2021-01-01,"CR05","CR37",3920
"1503",2021-01-01,"CR05","CR40",2
"1504",2021-01-01,"CR06","CR01",33734
"1505",2021-01-01,"CR06","CR03",33024
"1506",2021-01-01,"CR06","CR04",9166
"1507",2021-01-01,"CR06","CR05",12698
"1508",2021-01-01,"CR06","CR06",35288
"1509",2021-01-01,"CR06","CR07",54487
"1510",2021-01-01,"CR06","CR08",10
"1511",2021-01-01,"CR06","CR09",616
"1512",2021-01-01,"CR06","CR10",20305
"1513",2021-01-01,"CR06","CR11",11813
"1514",2021-01-01,"CR06","CR12",15372
"1515",2021-01-01,"CR06","CR13",33238
"1516",2021-01-01,"CR06","CR14",14135
"1517",2021-01-01,"CR06","CR15",2560
"1518",2021-01-01,"CR06","CR17",49322
"1519",2021-01-01,"CR06","CR18",1092
"1520",2021-01-01,"CR06","CR30",16
"1521",2021-01-01,"CR06","CR33",15479
"1522",2021-01-01,"CR06","CR35",2684
"1523",2021-01-01,"CR06","CR36",81668
"1524",2021-01-01,"CR06","CR37",744
"1525",2021-01-01,"CR06","CR38",1834
"1526",2021-01-01,"CR06","CR40",1046
"1527",2021-01-01,"CR07","CR01",17678
"1528",2021-01-01,"CR07","CR02",6
"1529",2021-01-01,"CR07","CR03",618
"1530",2021-01-01,"CR07","CR04",12
"1531",2021-01-01,"CR07","CR05",11249
"1532",2021-01-01,"CR07","CR06",31482
"1533",2021-01-01,"CR07","CR07",40348
"1534",2021-01-01,"CR07","CR08",2446
"1535",2021-01-01,"CR07","CR09",12728
"1536",2021-01-01,"CR07","CR10",12441
"1537",2021-01-01,"CR07","CR11",1105
"1538",2021-01-01,"CR07","CR12",1062
"1539",2021-01-01,"CR07","CR13",31793
"1540",2021-01-01,"CR07","CR14",34706
"1541",2021-01-01,"CR07","CR15",22580
"1542",2021-01-01,"CR07","CR16",30144
"1543",2021-01-01,"CR07","CR17",69674
"1544",2021-01-01,"CR07","CR23",28
"1545",2021-01-01,"CR07","CR28",480
"1546",2021-01-01,"CR07","CR30",350
"1547",2021-01-01,"CR07","CR35",32979
"1548",2021-01-01,"CR07","CR36",37607
"1549",2021-01-01,"CR07","CR37",96
"1550",2021-01-01,"CR07","CR38",1292
"1551",2021-01-01,"CR07","CR40",1168
"1552",2021-01-01,"CR08","CR01",68379
"1553",2021-01-01,"CR08","CR03",1214
"1554",2021-01-01,"CR08","CR04",4
"1555",2021-01-01,"CR08","CR06",1568
"1556",2021-01-01,"CR08","CR07",6606
"1557",2021-01-01,"CR08","CR08",44233
"1558",2021-01-01,"CR08","CR09",830
"1559",2021-01-01,"CR08","CR10",42836
"1560",2021-01-01,"CR08","CR11",3277
"1561",2021-01-01,"CR08","CR12",65273
"1562",2021-01-01,"CR08","CR13",182391
"1563",2021-01-01,"CR08","CR14",98441
"1564",2021-01-01,"CR08","CR15",24530
"1565",2021-01-01,"CR08","CR16",50754
"1566",2021-01-01,"CR08","CR17",15701
"1567",2021-01-01,"CR08","CR23",12
"1568",2021-01-01,"CR08","CR26",28
"1569",2021-01-01,"CR08","CR30",204
"1570",2021-01-01,"CR08","CR34",1010
"1571",2021-01-01,"CR08","CR35",139152
"1572",2021-01-01,"CR08","CR36",1746
"1573",2021-01-01,"CR08","CR37",2
"1574",2021-01-01,"CR08","CR38",9614
"1575",2021-01-01,"CR08","CR40",4
"1576",2021-01-01,"CR09","CR01",8
"1577",2021-01-01,"CR09","CR03",22
"1578",2021-01-01,"CR09","CR06",798
"1579",2021-01-01,"CR09","CR07",5518
"1580",2021-01-01,"CR09","CR08",16062
"1581",2021-01-01,"CR09","CR09",5122
"1582",2021-01-01,"CR09","CR10",17413
"1583",2021-01-01,"CR09","CR11",5930
"1584",2021-01-01,"CR09","CR12",20868
"1585",2021-01-01,"CR09","CR13",96235
"1586",2021-01-01,"CR09","CR14",66692
"1587",2021-01-01,"CR09","CR15",1724
"1588",2021-01-01,"CR09","CR16",1144
"1589",2021-01-01,"CR09","CR17",40541
"1590",2021-01-01,"CR09","CR23",4
"1591",2021-01-01,"CR09","CR25",6
"1592",2021-01-01,"CR09","CR35",49816
"1593",2021-01-01,"CR09","CR36",5306
"1594",2021-01-01,"CR09","CR38",1000
"1595",2021-01-01,"CR09","CR39",4
"1596",2021-01-01,"CR10","CR01",173047
"1597",2021-01-01,"CR10","CR02",384
"1598",2021-01-01,"CR10","CR03",390
"1599",2021-01-01,"CR10","CR04",12
"1600",2021-01-01,"CR10","CR05",2640
"1601",2021-01-01,"CR10","CR06",6392
"1602",2021-01-01,"CR10","CR07",19882
"1603",2021-01-01,"CR10","CR08",37195
"1604",2021-01-01,"CR10","CR09",65013
"1605",2021-01-01,"CR10","CR10",486681
"1606",2021-01-01,"CR10","CR11",50384
"1607",2021-01-01,"CR10","CR12",146710
"1608",2021-01-01,"CR10","CR13",292646
"1609",2021-01-01,"CR10","CR14",337704
"1610",2021-01-01,"CR10","CR15",49199
"1611",2021-01-01,"CR10","CR16",856
"1612",2021-01-01,"CR10","CR17",186741
"1613",2021-01-01,"CR10","CR18",66
"1614",2021-01-01,"CR10","CR23",214
"1615",2021-01-01,"CR10","CR24",6
"1616",2021-01-01,"CR10","CR25",960
"1617",2021-01-01,"CR10","CR28",480
"1618",2021-01-01,"CR10","CR30",4117
"1619",2021-01-01,"CR10","CR31",3970
"1620",2021-01-01,"CR10","CR32",1348
"1621",2021-01-01,"CR10","CR33",2
"1622",2021-01-01,"CR10","CR34",6300
"1623",2021-01-01,"CR10","CR35",456572
"1624",2021-01-01,"CR10","CR36",104642
"1625",2021-01-01,"CR10","CR37",492
"1626",2021-01-01,"CR10","CR38",18826
"1627",2021-01-01,"CR10","CR40",4240
"1628",2021-01-01,"CR11","CR01",390
"1629",2021-01-01,"CR11","CR05",482
"1630",2021-01-01,"CR11","CR06",3848
"1631",2021-01-01,"CR11","CR07",6
"1632",2021-01-01,"CR11","CR08",7284
"1633",2021-01-01,"CR11","CR09",5296
"1634",2021-01-01,"CR11","CR10",145762
"1635",2021-01-01,"CR11","CR11",374996
"1636",2021-01-01,"CR11","CR12",98888
"1637",2021-01-01,"CR11","CR13",332015
"1638",2021-01-01,"CR11","CR14",321196
"1639",2021-01-01,"CR11","CR15",25634
"1640",2021-01-01,"CR11","CR17",111432
"1641",2021-01-01,"CR11","CR23",4
"1642",2021-01-01,"CR11","CR28",400
"1643",2021-01-01,"CR11","CR30",517
"1644",2021-01-01,"CR11","CR31",4392
"1645",2021-01-01,"CR11","CR33",480
"1646",2021-01-01,"CR11","CR35",169348
"1647",2021-01-01,"CR11","CR36",63781
"1648",2021-01-01,"CR11","CR38",6542
"1649",2021-01-01,"CR11","CR40",25214
"1650",2021-01-01,"CR12","CR01",9260
"1651",2021-01-01,"CR12","CR03",590
"1652",2021-01-01,"CR12","CR04",1062
"1653",2021-01-01,"CR12","CR05",4
"1654",2021-01-01,"CR12","CR06",5182
"1655",2021-01-01,"CR12","CR07",29618
"1656",2021-01-01,"CR12","CR08",191725
"1657",2021-01-01,"CR12","CR09",12846
"1658",2021-01-01,"CR12","CR10",229570
"1659",2021-01-01,"CR12","CR11",181306
"1660",2021-01-01,"CR12","CR12",1038385
"1661",2021-01-01,"CR12","CR13",566309
"1662",2021-01-01,"CR12","CR14",809335
"1663",2021-01-01,"CR12","CR15",29620
"1664",2021-01-01,"CR12","CR16",5893
"1665",2021-01-01,"CR12","CR17",570005
"1666",2021-01-01,"CR12","CR18",7562
"1667",2021-01-01,"CR12","CR23",4
"1668",2021-01-01,"CR12","CR25",21262
"1669",2021-01-01,"CR12","CR28",880
"1670",2021-01-01,"CR12","CR29",1230
"1671",2021-01-01,"CR12","CR30",15840
"1672",2021-01-01,"CR12","CR32",7804
"1673",2021-01-01,"CR12","CR33",1744
"1674",2021-01-01,"CR12","CR34",20664
"1675",2021-01-01,"CR12","CR35",477239
"1676",2021-01-01,"CR12","CR36",70593
"1677",2021-01-01,"CR12","CR37",6620
"1678",2021-01-01,"CR12","CR38",15529
"1679",2021-01-01,"CR12","CR40",20
"1680",2021-01-01,"CR13","CR01",61447
"1681",2021-01-01,"CR13","CR02",2
"1682",2021-01-01,"CR13","CR04",2
"1683",2021-01-01,"CR13","CR05",29880
"1684",2021-01-01,"CR13","CR06",2429
"1685",2021-01-01,"CR13","CR07",564
"1686",2021-01-01,"CR13","CR08",31957
"1687",2021-01-01,"CR13","CR09",9870
"1688",2021-01-01,"CR13","CR10",39700
"1689",2021-01-01,"CR13","CR11",41522
"1690",2021-01-01,"CR13","CR12",57085
"1691",2021-01-01,"CR13","CR13",847466
"1692",2021-01-01,"CR13","CR14",369822
"1693",2021-01-01,"CR13","CR15",56699
"1694",2021-01-01,"CR13","CR16",93360
"1695",2021-01-01,"CR13","CR17",803428
"1696",2021-01-01,"CR13","CR18",2220
"1697",2021-01-01,"CR13","CR20",2
"1698",2021-01-01,"CR13","CR23",12
"1699",2021-01-01,"CR13","CR25",6
"1700",2021-01-01,"CR13","CR28",12924
"1701",2021-01-01,"CR13","CR29",6
"1702",2021-01-01,"CR13","CR30",11952
"1703",2021-01-01,"CR13","CR31",2
"1704",2021-01-01,"CR13","CR32",6
"1705",2021-01-01,"CR13","CR33",46176
"1706",2021-01-01,"CR13","CR34",5376
"1707",2021-01-01,"CR13","CR35",143266
"1708",2021-01-01,"CR13","CR36",59752
"1709",2021-01-01,"CR13","CR37",4876
"1710",2021-01-01,"CR13","CR38",8060
"1711",2021-01-01,"CR13","CR39",8
"1712",2021-01-01,"CR13","CR40",12613
"1713",2021-01-01,"CR14","CR01",49982
"1714",2021-01-01,"CR14","CR04",2172
"1715",2021-01-01,"CR14","CR06",144
"1716",2021-01-01,"CR14","CR07",2112
"1717",2021-01-01,"CR14","CR08",6428
"1718",2021-01-01,"CR14","CR09",15003
"1719",2021-01-01,"CR14","CR10",47589
"1720",2021-01-01,"CR14","CR11",156065
"1721",2021-01-01,"CR14","CR12",497631
"1722",2021-01-01,"CR14","CR13",682468
"1723",2021-01-01,"CR14","CR14",2159961
"1724",2021-01-01,"CR14","CR15",96531
"1725",2021-01-01,"CR14","CR16",14
"1726",2021-01-01,"CR14","CR17",286108
"1727",2021-01-01,"CR14","CR18",4
"1728",2021-01-01,"CR14","CR28",9945
"1729",2021-01-01,"CR14","CR29",1304
"1730",2021-01-01,"CR14","CR30",4976
"1731",2021-01-01,"CR14","CR32",9685
"1732",2021-01-01,"CR14","CR33",4
"1733",2021-01-01,"CR14","CR34",10568
"1734",2021-01-01,"CR14","CR35",835779
"1735",2021-01-01,"CR14","CR36",121039
"1736",2021-01-01,"CR14","CR37",67904
"1737",2021-01-01,"CR14","CR38",24454
"1738",2021-01-01,"CR14","CR39",8
"1739",2021-01-01,"CR14","CR40",52598
"1740",2021-01-01,"CR15","CR01",160
"1741",2021-01-01,"CR15","CR10",26562
"1742",2021-01-01,"CR15","CR11",1213
"1743",2021-01-01,"CR15","CR12",31458
"1744",2021-01-01,"CR15","CR13",135611
"1745",2021-01-01,"CR15","CR14",305188
"1746",2021-01-01,"CR15","CR15",117705
"1747",2021-01-01,"CR15","CR16",81592
"1748",2021-01-01,"CR15","CR17",115851
"1749",2021-01-01,"CR15","CR25",570
"1750",2021-01-01,"CR15","CR30",326
"1751",2021-01-01,"CR15","CR33",1786
"1752",2021-01-01,"CR15","CR34",39706
"1753",2021-01-01,"CR15","CR35",202512
"1754",2021-01-01,"CR15","CR36",151532
"1755",2021-01-01,"CR15","CR37",3065
"1756",2021-01-01,"CR15","CR38",21970
"1757",2021-01-01,"CR15","CR40",17788
"1758",2021-01-01,"CR16","CR07",2229
"1759",2021-01-01,"CR16","CR08",2
"1760",2021-01-01,"CR16","CR10",2198
"1761",2021-01-01,"CR16","CR11",6864
"1762",2021-01-01,"CR16","CR12",1540
"1763",2021-01-01,"CR16","CR13",80421
"1764",2021-01-01,"CR16","CR14",131553
"1765",2021-01-01,"CR16","CR15",39575
"1766",2021-01-01,"CR16","CR16",28096
"1767",2021-01-01,"CR16","CR17",182380
"1768",2021-01-01,"CR16","CR23",60
"1769",2021-01-01,"CR16","CR28",16276
"1770",2021-01-01,"CR16","CR29",4
"1771",2021-01-01,"CR16","CR30",14472
"1772",2021-01-01,"CR16","CR32",184
"1773",2021-01-01,"CR16","CR33",32997
"1774",2021-01-01,"CR16","CR34",28197
"1775",2021-01-01,"CR16","CR35",290988
"1776",2021-01-01,"CR16","CR36",30133
"1777",2021-01-01,"CR16","CR37",356
"1778",2021-01-01,"CR16","CR38",14316
"1779",2021-01-01,"CR16","CR40",1054
"1780",2021-01-01,"CR17","CR01",63937
"1781",2021-01-01,"CR17","CR04",6
"1782",2021-01-01,"CR17","CR06",3150
"1783",2021-01-01,"CR17","CR08",492
"1784",2021-01-01,"CR17","CR09",72
"1785",2021-01-01,"CR17","CR10",28778
"1786",2021-01-01,"CR17","CR11",2308
"1787",2021-01-01,"CR17","CR12",30002
"1788",2021-01-01,"CR17","CR13",185056
"1789",2021-01-01,"CR17","CR14",110961
"1790",2021-01-01,"CR17","CR15",18079
"1791",2021-01-01,"CR17","CR16",16468
"1792",2021-01-01,"CR17","CR17",522162
"1793",2021-01-01,"CR17","CR18",60
"1794",2021-01-01,"CR17","CR19",10
"1795",2021-01-01,"CR17","CR20",4
"1796",2021-01-01,"CR17","CR23",28
"1797",2021-01-01,"CR17","CR24",4
"1798",2021-01-01,"CR17","CR25",844
"1799",2021-01-01,"CR17","CR26",4
"1800",2021-01-01,"CR17","CR28",14294
"1801",2021-01-01,"CR17","CR29",12
"1802",2021-01-01,"CR17","CR30",17849
"1803",2021-01-01,"CR17","CR32",180
"1804",2021-01-01,"CR17","CR33",6418
"1805",2021-01-01,"CR17","CR34",2076
"1806",2021-01-01,"CR17","CR35",86362
"1807",2021-01-01,"CR17","CR36",70610
"1808",2021-01-01,"CR17","CR37",3629
"1809",2021-01-01,"CR17","CR38",7168
"1810",2021-01-01,"CR17","CR40",21066
"1811",2021-01-01,"CR18","CR05",720
"1812",2021-01-01,"CR18","CR09",6
"1813",2021-01-01,"CR18","CR10",2
"1814",2021-01-01,"CR18","CR13",41590
"1815",2021-01-01,"CR18","CR14",8842
"1816",2021-01-01,"CR18","CR17",14907
"1817",2021-01-01,"CR18","CR18",10851
"1818",2021-01-01,"CR18","CR19",112
"1819",2021-01-01,"CR18","CR20",8
"1820",2021-01-01,"CR18","CR23",14
"1821",2021-01-01,"CR18","CR25",1800
"1822",2021-01-01,"CR18","CR26",4
"1823",2021-01-01,"CR18","CR28",6
"1824",2021-01-01,"CR18","CR30",72
"1825",2021-01-01,"CR18","CR33",4
"1826",2021-01-01,"CR18","CR35",2
"1827",2021-01-01,"CR18","CR36",4376
"1828",2021-01-01,"CR18","CR37",680
"1829",2021-01-01,"CR18","CR40",7284
"1830",2021-01-01,"CR19","CR13",18446
"1831",2021-01-01,"CR19","CR17",844
"1832",2021-01-01,"CR19","CR18",20
"1833",2021-01-01,"CR19","CR19",36
"1834",2021-01-01,"CR19","CR23",12
"1835",2021-01-01,"CR20","CR13",20
"1836",2021-01-01,"CR20","CR18",6
"1837",2021-01-01,"CR20","CR19",44
"1838",2021-01-01,"CR20","CR20",20
"1839",2021-01-01,"CR20","CR23",2
"1840",2021-01-01,"CR20","CR34",2
"1841",2021-01-01,"CR21","CR22",2
"1842",2021-01-01,"CR22","CR17",6
"1843",2021-01-01,"CR22","CR19",2
"1844",2021-01-01,"CR22","CR20",2
"1845",2021-01-01,"CR22","CR23",4
"1846",2021-01-01,"CR23","CR01",288
"1847",2021-01-01,"CR23","CR13",6960
"1848",2021-01-01,"CR23","CR14",600
"1849",2021-01-01,"CR23","CR15",774
"1850",2021-01-01,"CR23","CR16",4
"1851",2021-01-01,"CR23","CR17",10035
"1852",2021-01-01,"CR23","CR18",810
"1853",2021-01-01,"CR23","CR19",956
"1854",2021-01-01,"CR23","CR20",20
"1855",2021-01-01,"CR23","CR23",20
"1856",2021-01-01,"CR23","CR28",744
"1857",2021-01-01,"CR23","CR30",12
"1858",2021-01-01,"CR23","CR35",40
"1859",2021-01-01,"CR23","CR36",7266
"1860",2021-01-01,"CR23","CR38",320
"1861",2021-01-01,"CR24","CR13",38
"1862",2021-01-01,"CR24","CR15",34
"1863",2021-01-01,"CR24","CR17",12
"1864",2021-01-01,"CR24","CR19",4
"1865",2021-01-01,"CR24","CR24",10
"1866",2021-01-01,"CR25","CR06",216
"1867",2021-01-01,"CR25","CR10",560
"1868",2021-01-01,"CR25","CR11",460
"1869",2021-01-01,"CR25","CR13",31174
"1870",2021-01-01,"CR25","CR14",9108
"1871",2021-01-01,"CR25","CR15",6090
"1872",2021-01-01,"CR25","CR17",16230
"1873",2021-01-01,"CR25","CR19",26
"1874",2021-01-01,"CR25","CR23",8
"1875",2021-01-01,"CR25","CR25",636
"1876",2021-01-01,"CR25","CR26",16
"1877",2021-01-01,"CR25","CR28",4222
"1878",2021-01-01,"CR25","CR30",66
"1879",2021-01-01,"CR25","CR35",16056
"1880",2021-01-01,"CR26","CR05",4
"1881",2021-01-01,"CR26","CR06",4
"1882",2021-01-01,"CR26","CR17",8
"1883",2021-01-01,"CR26","CR25",4
"1884",2021-01-01,"CR26","CR26",12
"1885",2021-01-01,"CR26","CR28",4
"1886",2021-01-01,"CR26","CR29",4
"1887",2021-01-01,"CR26","CR32",28
"1888",2021-01-01,"CR26","CR36",12
"1889",2021-01-01,"CR26","CR38",8
"1890",2021-01-01,"CR27","CR25",2
"1891",2021-01-01,"CR27","CR26",12
"1892",2021-01-01,"CR27","CR32",6
"1893",2021-01-01,"CR28","CR03",4
"1894",2021-01-01,"CR28","CR06",4
"1895",2021-01-01,"CR28","CR10",6
"1896",2021-01-01,"CR28","CR12",4304
"1897",2021-01-01,"CR28","CR13",25811
"1898",2021-01-01,"CR28","CR14",11946
"1899",2021-01-01,"CR28","CR15",10865
"1900",2021-01-01,"CR28","CR16",930
"1901",2021-01-01,"CR28","CR17",51678
"1902",2021-01-01,"CR28","CR18",4
"1903",2021-01-01,"CR28","CR23",8
"1904",2021-01-01,"CR28","CR25",17194
"1905",2021-01-01,"CR28","CR26",46
"1906",2021-01-01,"CR28","CR27",8
"1907",2021-01-01,"CR28","CR28",2768
"1908",2021-01-01,"CR28","CR29",8
"1909",2021-01-01,"CR28","CR30",428
"1910",2021-01-01,"CR28","CR32",6
"1911",2021-01-01,"CR28","CR34",4410
"1912",2021-01-01,"CR28","CR35",21702
"1913",2021-01-01,"CR28","CR36",7890
"1914",2021-01-01,"CR29","CR06",10
"1915",2021-01-01,"CR29","CR10",4
"1916",2021-01-01,"CR29","CR13",4864
"1917",2021-01-01,"CR29","CR14",2718
"1918",2021-01-01,"CR29","CR15",34
"1919",2021-01-01,"CR29","CR17",1316
"1920",2021-01-01,"CR29","CR21",10
"1921",2021-01-01,"CR29","CR23",12
"1922",2021-01-01,"CR29","CR26",8
"1923",2021-01-01,"CR29","CR28",5776
"1924",2021-01-01,"CR29","CR29",114
"1925",2021-01-01,"CR29","CR30",6
"1926",2021-01-01,"CR29","CR31",20
"1927",2021-01-01,"CR29","CR32",226
"1928",2021-01-01,"CR29","CR33",258
"1929",2021-01-01,"CR29","CR34",2
"1930",2021-01-01,"CR29","CR35",10928
"1931",2021-01-01,"CR29","CR36",98445
"1932",2021-01-01,"CR30","CR10",12114
"1933",2021-01-01,"CR30","CR11",75940
"1934",2021-01-01,"CR30","CR13",9831
"1935",2021-01-01,"CR30","CR14",10866
"1936",2021-01-01,"CR30","CR15",2152
"1937",2021-01-01,"CR30","CR16",610
"1938",2021-01-01,"CR30","CR17",26967
"1939",2021-01-01,"CR30","CR28",5220
"1940",2021-01-01,"CR30","CR30",714
"1941",2021-01-01,"CR30","CR32",7486
"1942",2021-01-01,"CR30","CR33",1064
"1943",2021-01-01,"CR30","CR34",48
"1944",2021-01-01,"CR30","CR35",9117
"1945",2021-01-01,"CR30","CR36",4318
"1946",2021-01-01,"CR30","CR38",1644
"1947",2021-01-01,"CR31","CR13",955
"1948",2021-01-01,"CR31","CR15",16
"1949",2021-01-01,"CR31","CR17",19497
"1950",2021-01-01,"CR31","CR31",28333
"1951",2021-01-01,"CR31","CR32",4
"1952",2021-01-01,"CR31","CR33",70
"1953",2021-01-01,"CR31","CR35",36371
"1954",2021-01-01,"CR31","CR36",34688
"1955",2021-01-01,"CR32","CR12",42270
"1956",2021-01-01,"CR32","CR13",7514
"1957",2021-01-01,"CR32","CR14",46150
"1958",2021-01-01,"CR32","CR15",1236
"1959",2021-01-01,"CR32","CR17",15512
"1960",2021-01-01,"CR32","CR28",8
"1961",2021-01-01,"CR32","CR29",4
"1962",2021-01-01,"CR32","CR31",32
"1963",2021-01-01,"CR32","CR32",10330
"1964",2021-01-01,"CR32","CR33",60438
"1965",2021-01-01,"CR32","CR34",1284
"1966",2021-01-01,"CR32","CR35",129049
"1967",2021-01-01,"CR32","CR36",72572
"1968",2021-01-01,"CR32","CR37",540
"1969",2021-01-01,"CR32","CR38",1576
"1970",2021-01-01,"CR33","CR03",8
"1971",2021-01-01,"CR33","CR11",771
"1972",2021-01-01,"CR33","CR12",3044
"1973",2021-01-01,"CR33","CR13",82118
"1974",2021-01-01,"CR33","CR14",72948
"1975",2021-01-01,"CR33","CR15",10469
"1976",2021-01-01,"CR33","CR16",640
"1977",2021-01-01,"CR33","CR17",342290
"1978",2021-01-01,"CR33","CR29",175
"1979",2021-01-01,"CR33","CR30",3103
"1980",2021-01-01,"CR33","CR31",26
"1981",2021-01-01,"CR33","CR32",29355
"1982",2021-01-01,"CR33","CR33",446749
"1983",2021-01-01,"CR33","CR34",59642
"1984",2021-01-01,"CR33","CR35",617875
"1985",2021-01-01,"CR33","CR36",242532
"1986",2021-01-01,"CR33","CR37",38932
"1987",2021-01-01,"CR33","CR38",41563
"1988",2021-01-01,"CR34","CR06",1516
"1989",2021-01-01,"CR34","CR07",846
"1990",2021-01-01,"CR34","CR08",1754
"1991",2021-01-01,"CR34","CR10",10340
"1992",2021-01-01,"CR34","CR11",4505
"1993",2021-01-01,"CR34","CR12",18496
"1994",2021-01-01,"CR34","CR13",88263
"1995",2021-01-01,"CR34","CR14",152077
"1996",2021-01-01,"CR34","CR15",7041
"1997",2021-01-01,"CR34","CR16",7008
"1998",2021-01-01,"CR34","CR17",210866
"1999",2021-01-01,"CR34","CR23",44
"2000",2021-01-01,"CR34","CR24",10
"2001",2021-01-01,"CR34","CR28",680
"2002",2021-01-01,"CR34","CR29",960
"2003",2021-01-01,"CR34","CR30",19927
"2004",2021-01-01,"CR34","CR31",7470
"2005",2021-01-01,"CR34","CR32",5499
"2006",2021-01-01,"CR34","CR33",129088
"2007",2021-01-01,"CR34","CR34",578317
"2008",2021-01-01,"CR34","CR35",609691
"2009",2021-01-01,"CR34","CR36",789927
"2010",2021-01-01,"CR34","CR37",74751
"2011",2021-01-01,"CR34","CR38",49163
"2012",2021-01-01,"CR34","CR40",4
"2013",2021-01-01,"CR35","CR01",36686
"2014",2021-01-01,"CR35","CR03",2
"2015",2021-01-01,"CR35","CR04",2184
"2016",2021-01-01,"CR35","CR05",6
"2017",2021-01-01,"CR35","CR09",600
"2018",2021-01-01,"CR35","CR10",25530
"2019",2021-01-01,"CR35","CR11",3232
"2020",2021-01-01,"CR35","CR12",54076
"2021",2021-01-01,"CR35","CR13",397605
"2022",2021-01-01,"CR35","CR14",1112651
"2023",2021-01-01,"CR35","CR15",536060
"2024",2021-01-01,"CR35","CR16",9436
"2025",2021-01-01,"CR35","CR17",859354
"2026",2021-01-01,"CR35","CR18",4
"2027",2021-01-01,"CR35","CR20",4
"2028",2021-01-01,"CR35","CR23",1222
"2029",2021-01-01,"CR35","CR24",12
"2030",2021-01-01,"CR35","CR25",1446
"2031",2021-01-01,"CR35","CR27",4
"2032",2021-01-01,"CR35","CR28",818
"2033",2021-01-01,"CR35","CR29",41698
"2034",2021-01-01,"CR35","CR30",14200
"2035",2021-01-01,"CR35","CR31",3410
"2036",2021-01-01,"CR35","CR32",112938
"2037",2021-01-01,"CR35","CR33",158474
"2038",2021-01-01,"CR35","CR34",102586
"2039",2021-01-01,"CR35","CR35",6675937
"2040",2021-01-01,"CR35","CR36",2856264
"2041",2021-01-01,"CR35","CR37",687247
"2042",2021-01-01,"CR35","CR38",304330
"2043",2021-01-01,"CR35","CR39",26
"2044",2021-01-01,"CR35","CR40",116
"2045",2021-01-01,"CR36","CR01",38208
"2046",2021-01-01,"CR36","CR10",21303
"2047",2021-01-01,"CR36","CR11",10
"2048",2021-01-01,"CR36","CR12",21527
"2049",2021-01-01,"CR36","CR13",289866
"2050",2021-01-01,"CR36","CR14",1278480
"2051",2021-01-01,"CR36","CR15",37106
"2052",2021-01-01,"CR36","CR16",36250
"2053",2021-01-01,"CR36","CR17",609256
"2054",2021-01-01,"CR36","CR18",4
"2055",2021-01-01,"CR36","CR28",928
"2056",2021-01-01,"CR36","CR29",68092
"2057",2021-01-01,"CR36","CR30",21164
"2058",2021-01-01,"CR36","CR31",24808
"2059",2021-01-01,"CR36","CR32",56154
"2060",2021-01-01,"CR36","CR33",186129
"2061",2021-01-01,"CR36","CR34",94664
"2062",2021-01-01,"CR36","CR35",2437642
"2063",2021-01-01,"CR36","CR36",4934538
"2064",2021-01-01,"CR36","CR37",480799
"2065",2021-01-01,"CR36","CR38",517447
"2066",2021-01-01,"CR36","CR39",1094
"2067",2021-01-01,"CR36","CR40",2994
"2068",2021-01-01,"CR37","CR06",1500
"2069",2021-01-01,"CR37","CR10",32234
"2070",2021-01-01,"CR37","CR11",9
"2071",2021-01-01,"CR37","CR12",11452
"2072",2021-01-01,"CR37","CR13",245807
"2073",2021-01-01,"CR37","CR14",639682
"2074",2021-01-01,"CR37","CR15",23873
"2075",2021-01-01,"CR37","CR16",25270
"2076",2021-01-01,"CR37","CR17",463464
"2077",2021-01-01,"CR37","CR23",15440
"2078",2021-01-01,"CR37","CR28",4
"2079",2021-01-01,"CR37","CR30",6504
"2080",2021-01-01,"CR37","CR31",13384
"2081",2021-01-01,"CR37","CR32",5686
"2082",2021-01-01,"CR37","CR33",3802
"2083",2021-01-01,"CR37","CR34",23217
"2084",2021-01-01,"CR37","CR35",1766913
"2085",2021-01-01,"CR37","CR36",1764724
"2086",2021-01-01,"CR37","CR37",1931515
"2087",2021-01-01,"CR37","CR38",391518
"2088",2021-01-01,"CR37","CR39",2116
"2089",2021-01-01,"CR37","CR40",84496
"2090",2021-01-01,"CR38","CR11",1012
"2091",2021-01-01,"CR38","CR12",5282
"2092",2021-01-01,"CR38","CR13",21140
"2093",2021-01-01,"CR38","CR14",437646
"2094",2021-01-01,"CR38","CR15",12946
"2095",2021-01-01,"CR38","CR16",522
"2096",2021-01-01,"CR38","CR17",232328
"2097",2021-01-01,"CR38","CR30",2228
"2098",2021-01-01,"CR38","CR31",13601
"2099",2021-01-01,"CR38","CR32",4034
"2100",2021-01-01,"CR38","CR33",1120
"2101",2021-01-01,"CR38","CR34",15108
"2102",2021-01-01,"CR38","CR35",407569
"2103",2021-01-01,"CR38","CR36",887018
"2104",2021-01-01,"CR38","CR37",248652
"2105",2021-01-01,"CR38","CR38",1250453
"2106",2021-01-01,"CR38","CR39",15811
"2107",2021-01-01,"CR38","CR40",3700
"2108",2021-01-01,"CR39","CR10",4
"2109",2021-01-01,"CR39","CR14",16012
"2110",2021-01-01,"CR39","CR15",400
"2111",2021-01-01,"CR39","CR17",4006
"2112",2021-01-01,"CR39","CR25",2
"2113",2021-01-01,"CR39","CR35",9854
"2114",2021-01-01,"CR39","CR36",24428
"2115",2021-01-01,"CR39","CR37",226
"2116",2021-01-01,"CR39","CR38",21581
"2117",2021-01-01,"CR39","CR39",35028
"2118",2021-01-01,"CR40","CR06",5066
"2119",2021-01-01,"CR40","CR07",4
"2120",2021-01-01,"CR40","CR08",10
"2121",2021-01-01,"CR40","CR09",1810
"2122",2021-01-01,"CR40","CR10",344
"2123",2021-01-01,"CR40","CR11",176
"2124",2021-01-01,"CR40","CR12",26320
"2125",2021-01-01,"CR40","CR13",45335
"2126",2021-01-01,"CR40","CR14",35113
"2127",2021-01-01,"CR40","CR15",5742
"2128",2021-01-01,"CR40","CR16",134
"2129",2021-01-01,"CR40","CR17",54802
"2130",2021-01-01,"CR40","CR23",4
"2131",2021-01-01,"CR40","CR29",5
"2132",2021-01-01,"CR40","CR30",520
"2133",2021-01-01,"CR40","CR33",6
"2134",2021-01-01,"CR40","CR34",1254
"2135",2021-01-01,"CR40","CR35",152464
"2136",2021-01-01,"CR40","CR36",9759
"2137",2021-01-01,"CR40","CR37",3625
"2138",2021-01-01,"CR40","CR38",38992
"2139",2021-01-01,"CR40","CR39",28
"2140",2021-01-01,"CR40","CR40",17228
"2141",2022-01-01,"CR01","CR01",30464
"2142",2022-01-01,"CR01","CR02",4
"2143",2022-01-01,"CR01","CR03",679
"2144",2022-01-01,"CR01","CR04",2
"2145",2022-01-01,"CR01","CR05",968
"2146",2022-01-01,"CR01","CR06",948
"2147",2022-01-01,"CR01","CR07",8
"2148",2022-01-01,"CR01","CR08",15839
"2149",2022-01-01,"CR01","CR09",4402
"2150",2022-01-01,"CR01","CR10",4426
"2151",2022-01-01,"CR01","CR11",2310
"2152",2022-01-01,"CR01","CR12",1108
"2153",2022-01-01,"CR01","CR13",30308
"2154",2022-01-01,"CR01","CR14",32232
"2155",2022-01-01,"CR01","CR17",12600
"2156",2022-01-01,"CR01","CR30",311
"2157",2022-01-01,"CR01","CR34",580
"2158",2022-01-01,"CR01","CR35",77015
"2159",2022-01-01,"CR01","CR36",8582
"2160",2022-01-01,"CR01","CR38",340
"2161",2022-01-01,"CR02","CR02",6
"2162",2022-01-01,"CR02","CR03",880
"2163",2022-01-01,"CR02","CR04",2
"2164",2022-01-01,"CR02","CR10",346
"2165",2022-01-01,"CR02","CR14",9286
"2166",2022-01-01,"CR03","CR01",226
"2167",2022-01-01,"CR03","CR03",6759
"2168",2022-01-01,"CR03","CR04",1659
"2169",2022-01-01,"CR03","CR06",7126
"2170",2022-01-01,"CR03","CR07",24
"2171",2022-01-01,"CR03","CR08",4
"2172",2022-01-01,"CR03","CR10",1452
"2173",2022-01-01,"CR03","CR11",1800
"2174",2022-01-01,"CR03","CR12",220
"2175",2022-01-01,"CR03","CR13",706
"2176",2022-01-01,"CR03","CR14",7233
"2177",2022-01-01,"CR03","CR15",300
"2178",2022-01-01,"CR03","CR17",140
"2179",2022-01-01,"CR03","CR23",10
"2180",2022-01-01,"CR03","CR33",22
"2181",2022-01-01,"CR03","CR35",2356
"2182",2022-01-01,"CR03","CR36",18838
"2183",2022-01-01,"CR03","CR39",4
"2184",2022-01-01,"CR03",NA,4
"2185",2022-01-01,"CR04","CR02",2
"2186",2022-01-01,"CR04","CR04",12062
"2187",2022-01-01,"CR04","CR05",12
"2188",2022-01-01,"CR04","CR06",212
"2189",2022-01-01,"CR04","CR10",15989
"2190",2022-01-01,"CR04","CR12",28
"2191",2022-01-01,"CR04","CR13",5650
"2192",2022-01-01,"CR04","CR14",242
"2193",2022-01-01,"CR04","CR17",2538
"2194",2022-01-01,"CR04","CR35",13974
"2195",2022-01-01,"CR04","CR36",3030
"2196",2022-01-01,"CR05","CR01",15320
"2197",2022-01-01,"CR05","CR04",33
"2198",2022-01-01,"CR05","CR05",5218
"2199",2022-01-01,"CR05","CR06",35
"2200",2022-01-01,"CR05","CR07",4
"2201",2022-01-01,"CR05","CR09",24
"2202",2022-01-01,"CR05","CR13",9156
"2203",2022-01-01,"CR05","CR14",4229
"2204",2022-01-01,"CR05","CR17",9244
"2205",2022-01-01,"CR05","CR18",2
"2206",2022-01-01,"CR05","CR20",2
"2207",2022-01-01,"CR05","CR28",2616
"2208",2022-01-01,"CR05","CR34",10
"2209",2022-01-01,"CR05","CR35",4703
"2210",2022-01-01,"CR05","CR36",4644
"2211",2022-01-01,"CR05","CR37",780
"2212",2022-01-01,"CR05",NA,1
"2213",2022-01-01,"CR06","CR01",9788
"2214",2022-01-01,"CR06","CR03",10634
"2215",2022-01-01,"CR06","CR04",2540
"2216",2022-01-01,"CR06","CR05",4024
"2217",2022-01-01,"CR06","CR06",10576
"2218",2022-01-01,"CR06","CR07",18530
"2219",2022-01-01,"CR06","CR08",4
"2220",2022-01-01,"CR06","CR09",4
"2221",2022-01-01,"CR06","CR10",6620
"2222",2022-01-01,"CR06","CR11",2676
"2223",2022-01-01,"CR06","CR12",18124
"2224",2022-01-01,"CR06","CR13",7204
"2225",2022-01-01,"CR06","CR14",5061
"2226",2022-01-01,"CR06","CR15",300
"2227",2022-01-01,"CR06","CR16",2
"2228",2022-01-01,"CR06","CR17",16256
"2229",2022-01-01,"CR06","CR30",50
"2230",2022-01-01,"CR06","CR33",3818
"2231",2022-01-01,"CR06","CR34",516
"2232",2022-01-01,"CR06","CR35",2708
"2233",2022-01-01,"CR06","CR36",25494
"2234",2022-01-01,"CR06","CR38",300
"2235",2022-01-01,"CR07","CR01",2456
"2236",2022-01-01,"CR07","CR02",3
"2237",2022-01-01,"CR07","CR03",146
"2238",2022-01-01,"CR07","CR05",1079
"2239",2022-01-01,"CR07","CR06",10043
"2240",2022-01-01,"CR07","CR07",11846
"2241",2022-01-01,"CR07","CR08",634
"2242",2022-01-01,"CR07","CR09",1134
"2243",2022-01-01,"CR07","CR10",4374
"2244",2022-01-01,"CR07","CR11",440
"2245",2022-01-01,"CR07","CR12",44
"2246",2022-01-01,"CR07","CR13",9943
"2247",2022-01-01,"CR07","CR14",8245
"2248",2022-01-01,"CR07","CR15",6120
"2249",2022-01-01,"CR07","CR16",9096
"2250",2022-01-01,"CR07","CR17",19687
"2251",2022-01-01,"CR07","CR35",11763
"2252",2022-01-01,"CR07","CR36",10050
"2253",2022-01-01,"CR07","CR37",24
"2254",2022-01-01,"CR08","CR01",16870
"2255",2022-01-01,"CR08","CR03",736
"2256",2022-01-01,"CR08","CR04",2
"2257",2022-01-01,"CR08","CR06",1332
"2258",2022-01-01,"CR08","CR07",9
"2259",2022-01-01,"CR08","CR08",11912
"2260",2022-01-01,"CR08","CR09",303
"2261",2022-01-01,"CR08","CR10",14578
"2262",2022-01-01,"CR08","CR11",1040
"2263",2022-01-01,"CR08","CR12",19429
"2264",2022-01-01,"CR08","CR13",48880
"2265",2022-01-01,"CR08","CR14",27654
"2266",2022-01-01,"CR08","CR15",7417
"2267",2022-01-01,"CR08","CR16",13997
"2268",2022-01-01,"CR08","CR17",4667
"2269",2022-01-01,"CR08","CR26",24
"2270",2022-01-01,"CR08","CR35",40930
"2271",2022-01-01,"CR08","CR38",6746
"2272",2022-01-01,"CR09","CR06",14
"2273",2022-01-01,"CR09","CR07",1465
"2274",2022-01-01,"CR09","CR08",3392
"2275",2022-01-01,"CR09","CR09",1972
"2276",2022-01-01,"CR09","CR10",3594
"2277",2022-01-01,"CR09","CR11",2182
"2278",2022-01-01,"CR09","CR12",2
"2279",2022-01-01,"CR09","CR13",22878
"2280",2022-01-01,"CR09","CR14",16195
"2281",2022-01-01,"CR09","CR15",900
"2282",2022-01-01,"CR09","CR17",8248
"2283",2022-01-01,"CR09","CR35",18152
"2284",2022-01-01,"CR09","CR36",3364
"2285",2022-01-01,"CR09","CR38",500
"2286",2022-01-01,"CR10","CR01",47264
"2287",2022-01-01,"CR10","CR02",120
"2288",2022-01-01,"CR10","CR03",60
"2289",2022-01-01,"CR10","CR04",2172
"2290",2022-01-01,"CR10","CR05",2160
"2291",2022-01-01,"CR10","CR06",8282
"2292",2022-01-01,"CR10","CR07",4818
"2293",2022-01-01,"CR10","CR08",10316
"2294",2022-01-01,"CR10","CR09",22486
"2295",2022-01-01,"CR10","CR10",129045
"2296",2022-01-01,"CR10","CR11",16712
"2297",2022-01-01,"CR10","CR12",40263
"2298",2022-01-01,"CR10","CR13",75466
"2299",2022-01-01,"CR10","CR14",79970
"2300",2022-01-01,"CR10","CR15",13226
"2301",2022-01-01,"CR10","CR16",720
"2302",2022-01-01,"CR10","CR17",59317
"2303",2022-01-01,"CR10","CR18",2
"2304",2022-01-01,"CR10","CR23",92
"2305",2022-01-01,"CR10","CR24",2
"2306",2022-01-01,"CR10","CR25",3264
"2307",2022-01-01,"CR10","CR30",724
"2308",2022-01-01,"CR10","CR33",5016
"2309",2022-01-01,"CR10","CR35",119809
"2310",2022-01-01,"CR10","CR36",35568
"2311",2022-01-01,"CR10","CR37",2014
"2312",2022-01-01,"CR10","CR38",7790
"2313",2022-01-01,"CR10","CR40",1044
"2314",2022-01-01,"CR11","CR01",808
"2315",2022-01-01,"CR11","CR08",1806
"2316",2022-01-01,"CR11","CR10",30746
"2317",2022-01-01,"CR11","CR11",105809
"2318",2022-01-01,"CR11","CR12",25157
"2319",2022-01-01,"CR11","CR13",62000
"2320",2022-01-01,"CR11","CR14",95105
"2321",2022-01-01,"CR11","CR15",6825
"2322",2022-01-01,"CR11","CR17",35344
"2323",2022-01-01,"CR11","CR30",60
"2324",2022-01-01,"CR11","CR35",58262
"2325",2022-01-01,"CR11","CR36",27667
"2326",2022-01-01,"CR11","CR38",400
"2327",2022-01-01,"CR11","CR40",6732
"2328",2022-01-01,"CR12","CR01",96
"2329",2022-01-01,"CR12","CR03",440
"2330",2022-01-01,"CR12","CR06",380
"2331",2022-01-01,"CR12","CR07",10144
"2332",2022-01-01,"CR12","CR08",51964
"2333",2022-01-01,"CR12","CR09",3800
"2334",2022-01-01,"CR12","CR10",71586
"2335",2022-01-01,"CR12","CR11",46549
"2336",2022-01-01,"CR12","CR12",305652
"2337",2022-01-01,"CR12","CR13",148631
"2338",2022-01-01,"CR12","CR14",237248
"2339",2022-01-01,"CR12","CR15",5728
"2340",2022-01-01,"CR12","CR16",1262
"2341",2022-01-01,"CR12","CR17",161073
"2342",2022-01-01,"CR12","CR18",2520
"2343",2022-01-01,"CR12","CR25",4100
"2344",2022-01-01,"CR12","CR29",1020
"2345",2022-01-01,"CR12","CR30",3704
"2346",2022-01-01,"CR12","CR32",1084
"2347",2022-01-01,"CR12","CR34",6984
"2348",2022-01-01,"CR12","CR35",130015
"2349",2022-01-01,"CR12","CR36",17234
"2350",2022-01-01,"CR12","CR37",1776
"2351",2022-01-01,"CR12","CR38",5380
"2352",2022-01-01,"CR13","CR01",19084
"2353",2022-01-01,"CR13","CR03",4
"2354",2022-01-01,"CR13","CR05",8642
"2355",2022-01-01,"CR13","CR06",1003
"2356",2022-01-01,"CR13","CR08",6924
"2357",2022-01-01,"CR13","CR09",700
"2358",2022-01-01,"CR13","CR10",10670
"2359",2022-01-01,"CR13","CR11",14450
"2360",2022-01-01,"CR13","CR12",24917
"2361",2022-01-01,"CR13","CR13",216909
"2362",2022-01-01,"CR13","CR14",92177
"2363",2022-01-01,"CR13","CR15",14693
"2364",2022-01-01,"CR13","CR16",29468
"2365",2022-01-01,"CR13","CR17",221247
"2366",2022-01-01,"CR13","CR18",468
"2367",2022-01-01,"CR13","CR26",4
"2368",2022-01-01,"CR13","CR28",3160
"2369",2022-01-01,"CR13","CR30",3225
"2370",2022-01-01,"CR13","CR33",15842
"2371",2022-01-01,"CR13","CR34",1200
"2372",2022-01-01,"CR13","CR35",45722
"2373",2022-01-01,"CR13","CR36",22196
"2374",2022-01-01,"CR13","CR38",520
"2375",2022-01-01,"CR13","CR40",3682
"2376",2022-01-01,"CR13",NA,11
"2377",2022-01-01,"CR14","CR01",13444
"2378",2022-01-01,"CR14","CR06",2
"2379",2022-01-01,"CR14","CR07",1706
"2380",2022-01-01,"CR14","CR08",2792
"2381",2022-01-01,"CR14","CR09",3442
"2382",2022-01-01,"CR14","CR10",10683
"2383",2022-01-01,"CR14","CR11",40738
"2384",2022-01-01,"CR14","CR12",140927
"2385",2022-01-01,"CR14","CR13",165558
"2386",2022-01-01,"CR14","CR14",573915
"2387",2022-01-01,"CR14","CR15",25394
"2388",2022-01-01,"CR14","CR16",600
"2389",2022-01-01,"CR14","CR17",71023
"2390",2022-01-01,"CR14","CR18",8
"2391",2022-01-01,"CR14","CR28",1640
"2392",2022-01-01,"CR14","CR29",284
"2393",2022-01-01,"CR14","CR30",404
"2394",2022-01-01,"CR14","CR32",4682
"2395",2022-01-01,"CR14","CR33",2328
"2396",2022-01-01,"CR14","CR34",2272
"2397",2022-01-01,"CR14","CR35",235682
"2398",2022-01-01,"CR14","CR36",44816
"2399",2022-01-01,"CR14","CR37",24359
"2400",2022-01-01,"CR14","CR38",7698
"2401",2022-01-01,"CR14","CR40",12379
"2402",2022-01-01,"CR14",NA,6
"2403",2022-01-01,"CR15","CR10",889
"2404",2022-01-01,"CR15","CR12",7389
"2405",2022-01-01,"CR15","CR13",37526
"2406",2022-01-01,"CR15","CR14",68557
"2407",2022-01-01,"CR15","CR15",29297
"2408",2022-01-01,"CR15","CR16",20968
"2409",2022-01-01,"CR15","CR17",37147
"2410",2022-01-01,"CR15","CR30",978
"2411",2022-01-01,"CR15","CR34",11024
"2412",2022-01-01,"CR15","CR35",68901
"2413",2022-01-01,"CR15","CR36",48301
"2414",2022-01-01,"CR15","CR37",3798
"2415",2022-01-01,"CR15","CR38",8298
"2416",2022-01-01,"CR15","CR40",3944
"2417",2022-01-01,"CR16","CR09",4
"2418",2022-01-01,"CR16","CR10",14
"2419",2022-01-01,"CR16","CR11",500
"2420",2022-01-01,"CR16","CR12",788
"2421",2022-01-01,"CR16","CR13",21567
"2422",2022-01-01,"CR16","CR14",22399
"2423",2022-01-01,"CR16","CR15",12630
"2424",2022-01-01,"CR16","CR16",5489
"2425",2022-01-01,"CR16","CR17",51559
"2426",2022-01-01,"CR16","CR28",4406
"2427",2022-01-01,"CR16","CR30",3956
"2428",2022-01-01,"CR16","CR33",8258
"2429",2022-01-01,"CR16","CR34",22
"2430",2022-01-01,"CR16","CR35",86367
"2431",2022-01-01,"CR16","CR36",9051
"2432",2022-01-01,"CR16","CR38",1400
"2433",2022-01-01,"CR16","CR40",704
"2434",2022-01-01,"CR17","CR01",21380
"2435",2022-01-01,"CR17","CR08",140
"2436",2022-01-01,"CR17","CR10",8452
"2437",2022-01-01,"CR17","CR11",712
"2438",2022-01-01,"CR17","CR12",6749
"2439",2022-01-01,"CR17","CR13",49427
"2440",2022-01-01,"CR17","CR14",25733
"2441",2022-01-01,"CR17","CR15",3377
"2442",2022-01-01,"CR17","CR16",14220
"2443",2022-01-01,"CR17","CR17",142790
"2444",2022-01-01,"CR17","CR18",236
"2445",2022-01-01,"CR17","CR19",5
"2446",2022-01-01,"CR17","CR24",4
"2447",2022-01-01,"CR17","CR25",200
"2448",2022-01-01,"CR17","CR28",3808
"2449",2022-01-01,"CR17","CR29",22
"2450",2022-01-01,"CR17","CR30",7553
"2451",2022-01-01,"CR17","CR32",72
"2452",2022-01-01,"CR17","CR33",1070
"2453",2022-01-01,"CR17","CR34",652
"2454",2022-01-01,"CR17","CR35",25700
"2455",2022-01-01,"CR17","CR36",18950
"2456",2022-01-01,"CR17","CR37",878
"2457",2022-01-01,"CR17","CR38",1394
"2458",2022-01-01,"CR17","CR40",6256
"2459",2022-01-01,"CR18","CR13",14986
"2460",2022-01-01,"CR18","CR14",2974
"2461",2022-01-01,"CR18","CR17",4039
"2462",2022-01-01,"CR18","CR18",2751
"2463",2022-01-01,"CR18","CR19",37
"2464",2022-01-01,"CR18","CR25",504
"2465",2022-01-01,"CR18","CR40",8
"2466",2022-01-01,"CR19","CR13",4740
"2467",2022-01-01,"CR19","CR14",5
"2468",2022-01-01,"CR19","CR17",161
"2469",2022-01-01,"CR19","CR19",16
"2470",2022-01-01,"CR20","CR13",8
"2471",2022-01-01,"CR20","CR18",4
"2472",2022-01-01,"CR20","CR19",8
"2473",2022-01-01,"CR22","CR19",2
"2474",2022-01-01,"CR23","CR06",4
"2475",2022-01-01,"CR23","CR13",1447
"2476",2022-01-01,"CR23","CR16",359
"2477",2022-01-01,"CR23","CR17",5036
"2478",2022-01-01,"CR23","CR18",244
"2479",2022-01-01,"CR23","CR19",732
"2480",2022-01-01,"CR23","CR20",10
"2481",2022-01-01,"CR24","CR13",12
"2482",2022-01-01,"CR24","CR34",4
"2483",2022-01-01,"CR25","CR12",600
"2484",2022-01-01,"CR25","CR13",7764
"2485",2022-01-01,"CR25","CR14",4234
"2486",2022-01-01,"CR25","CR17",7550
"2487",2022-01-01,"CR25","CR19",22
"2488",2022-01-01,"CR25","CR25",438
"2489",2022-01-01,"CR25","CR27",4
"2490",2022-01-01,"CR25","CR28",1686
"2491",2022-01-01,"CR25","CR30",30
"2492",2022-01-01,"CR25","CR35",4879
"2493",2022-01-01,"CR26","CR14",2
"2494",2022-01-01,"CR26","CR26",8
"2495",2022-01-01,"CR26","CR32",2
"2496",2022-01-01,"CR27","CR33",2
"2497",2022-01-01,"CR28","CR13",3732
"2498",2022-01-01,"CR28","CR14",9940
"2499",2022-01-01,"CR28","CR15",131
"2500",2022-01-01,"CR28","CR16",204
"2501",2022-01-01,"CR28","CR17",12718
"2502",2022-01-01,"CR28","CR23",4
"2503",2022-01-01,"CR28","CR25",4630
"2504",2022-01-01,"CR28","CR28",258
"2505",2022-01-01,"CR28","CR32",2
"2506",2022-01-01,"CR28","CR34",4230
"2507",2022-01-01,"CR28","CR35",2608
"2508",2022-01-01,"CR28","CR36",3682
"2509",2022-01-01,"CR28","CR40",2
"2510",2022-01-01,"CR29","CR06",2
"2511",2022-01-01,"CR29","CR13",584
"2512",2022-01-01,"CR29","CR16",4
"2513",2022-01-01,"CR29","CR17",56
"2514",2022-01-01,"CR29","CR28",1914
"2515",2022-01-01,"CR29","CR29",18
"2516",2022-01-01,"CR29","CR31",8
"2517",2022-01-01,"CR29","CR32",80
"2518",2022-01-01,"CR29","CR33",96
"2519",2022-01-01,"CR29","CR34",12
"2520",2022-01-01,"CR29","CR36",32508
"2521",2022-01-01,"CR30","CR10",3164
"2522",2022-01-01,"CR30","CR11",22080
"2523",2022-01-01,"CR30","CR13",4412
"2524",2022-01-01,"CR30","CR14",3467
"2525",2022-01-01,"CR30","CR15",872
"2526",2022-01-01,"CR30","CR16",1328
"2527",2022-01-01,"CR30","CR17",8258
"2528",2022-01-01,"CR30","CR24",1
"2529",2022-01-01,"CR30","CR28",1885
"2530",2022-01-01,"CR30","CR30",18
"2531",2022-01-01,"CR30","CR32",2110
"2532",2022-01-01,"CR30","CR35",2008
"2533",2022-01-01,"CR30","CR36",100
"2534",2022-01-01,"CR30","CR38",44
"2535",2022-01-01,"CR31","CR13",218
"2536",2022-01-01,"CR31","CR14",3990
"2537",2022-01-01,"CR31","CR15",30
"2538",2022-01-01,"CR31","CR17",7622
"2539",2022-01-01,"CR31","CR31",5391
"2540",2022-01-01,"CR31","CR32",4
"2541",2022-01-01,"CR31","CR33",20
"2542",2022-01-01,"CR31","CR35",8075
"2543",2022-01-01,"CR31","CR36",9711
"2544",2022-01-01,"CR32","CR12",11792
"2545",2022-01-01,"CR32","CR13",5130
"2546",2022-01-01,"CR32","CR14",12214
"2547",2022-01-01,"CR32","CR15",2
"2548",2022-01-01,"CR32","CR16",6
"2549",2022-01-01,"CR32","CR17",3764
"2550",2022-01-01,"CR32","CR29",6
"2551",2022-01-01,"CR32","CR30",214
"2552",2022-01-01,"CR32","CR31",10
"2553",2022-01-01,"CR32","CR32",2326
"2554",2022-01-01,"CR32","CR33",12200
"2555",2022-01-01,"CR32","CR34",900
"2556",2022-01-01,"CR32","CR35",29941
"2557",2022-01-01,"CR32","CR36",10899
"2558",2022-01-01,"CR32","CR37",1680
"2559",2022-01-01,"CR33","CR13",28411
"2560",2022-01-01,"CR33","CR14",15895
"2561",2022-01-01,"CR33","CR15",624
"2562",2022-01-01,"CR33","CR16",884
"2563",2022-01-01,"CR33","CR17",88541
"2564",2022-01-01,"CR33","CR30",850
"2565",2022-01-01,"CR33","CR31",4
"2566",2022-01-01,"CR33","CR32",6963
"2567",2022-01-01,"CR33","CR33",113792
"2568",2022-01-01,"CR33","CR34",14119
"2569",2022-01-01,"CR33","CR35",192821
"2570",2022-01-01,"CR33","CR36",65103
"2571",2022-01-01,"CR33","CR37",9454
"2572",2022-01-01,"CR33","CR38",6863
"2573",2022-01-01,"CR34","CR10",816
"2574",2022-01-01,"CR34","CR11",286
"2575",2022-01-01,"CR34","CR12",3764
"2576",2022-01-01,"CR34","CR13",15013
"2577",2022-01-01,"CR34","CR14",32859
"2578",2022-01-01,"CR34","CR15",1200
"2579",2022-01-01,"CR34","CR16",4260
"2580",2022-01-01,"CR34","CR17",55462
"2581",2022-01-01,"CR34","CR28",480
"2582",2022-01-01,"CR34","CR30",5291
"2583",2022-01-01,"CR34","CR31",9204
"2584",2022-01-01,"CR34","CR32",1826
"2585",2022-01-01,"CR34","CR33",30173
"2586",2022-01-01,"CR34","CR34",159261
"2587",2022-01-01,"CR34","CR35",186671
"2588",2022-01-01,"CR34","CR36",224819
"2589",2022-01-01,"CR34","CR37",17456
"2590",2022-01-01,"CR34","CR38",9877
"2591",2022-01-01,"CR34",NA,1
"2592",2022-01-01,"CR35","CR01",7464
"2593",2022-01-01,"CR35","CR04",1056
"2594",2022-01-01,"CR35","CR05",720
"2595",2022-01-01,"CR35","CR10",7155
"2596",2022-01-01,"CR35","CR11",706
"2597",2022-01-01,"CR35","CR12",9796
"2598",2022-01-01,"CR35","CR13",84419
"2599",2022-01-01,"CR35","CR14",322893
"2600",2022-01-01,"CR35","CR15",24046
"2601",2022-01-01,"CR35","CR16",1960
"2602",2022-01-01,"CR35","CR17",242174
"2603",2022-01-01,"CR35","CR29",12878
"2604",2022-01-01,"CR35","CR30",3662
"2605",2022-01-01,"CR35","CR32",26685
"2606",2022-01-01,"CR35","CR33",37382
"2607",2022-01-01,"CR35","CR34",19957
"2608",2022-01-01,"CR35","CR35",1875548
"2609",2022-01-01,"CR35","CR36",803449
"2610",2022-01-01,"CR35","CR37",190373
"2611",2022-01-01,"CR35","CR38",76159
"2612",2022-01-01,"CR35","CR40",2994
"2613",2022-01-01,"CR35",NA,4
"2614",2022-01-01,"CR36","CR01",16258
"2615",2022-01-01,"CR36","CR10",13976
"2616",2022-01-01,"CR36","CR11",4000
"2617",2022-01-01,"CR36","CR12",1560
"2618",2022-01-01,"CR36","CR13",75000
"2619",2022-01-01,"CR36","CR14",371174
"2620",2022-01-01,"CR36","CR15",10552
"2621",2022-01-01,"CR36","CR16",10119
"2622",2022-01-01,"CR36","CR17",170590
"2623",2022-01-01,"CR36","CR23",3
"2624",2022-01-01,"CR36","CR28",8
"2625",2022-01-01,"CR36","CR29",19574
"2626",2022-01-01,"CR36","CR30",7011
"2627",2022-01-01,"CR36","CR31",5846
"2628",2022-01-01,"CR36","CR32",7572
"2629",2022-01-01,"CR36","CR33",51821
"2630",2022-01-01,"CR36","CR34",24431
"2631",2022-01-01,"CR36","CR35",675032
"2632",2022-01-01,"CR36","CR36",1398244
"2633",2022-01-01,"CR36","CR37",109052
"2634",2022-01-01,"CR36","CR38",159799
"2635",2022-01-01,"CR36","CR39",776
"2636",2022-01-01,"CR37","CR10",4332
"2637",2022-01-01,"CR37","CR12",3568
"2638",2022-01-01,"CR37","CR13",66528
"2639",2022-01-01,"CR37","CR14",172521
"2640",2022-01-01,"CR37","CR15",5170
"2641",2022-01-01,"CR37","CR16",368
"2642",2022-01-01,"CR37","CR17",120055
"2643",2022-01-01,"CR37","CR23",5140
"2644",2022-01-01,"CR37","CR28",480
"2645",2022-01-01,"CR37","CR30",2408
"2646",2022-01-01,"CR37","CR32",3438
"2647",2022-01-01,"CR37","CR34",1056
"2648",2022-01-01,"CR37","CR35",495772
"2649",2022-01-01,"CR37","CR36",490355
"2650",2022-01-01,"CR37","CR37",530682
"2651",2022-01-01,"CR37","CR38",108019
"2652",2022-01-01,"CR37","CR39",1060
"2653",2022-01-01,"CR37","CR40",27384
"2654",2022-01-01,"CR37",NA,2
"2655",2022-01-01,"CR38","CR11",518
"2656",2022-01-01,"CR38","CR12",1842
"2657",2022-01-01,"CR38","CR13",8662
"2658",2022-01-01,"CR38","CR14",123329
"2659",2022-01-01,"CR38","CR15",552
"2660",2022-01-01,"CR38","CR16",177
"2661",2022-01-01,"CR38","CR17",48044
"2662",2022-01-01,"CR38","CR30",544
"2663",2022-01-01,"CR38","CR31",6636
"2664",2022-01-01,"CR38","CR33",2240
"2665",2022-01-01,"CR38","CR35",115402
"2666",2022-01-01,"CR38","CR36",243548
"2667",2022-01-01,"CR38","CR37",68339
"2668",2022-01-01,"CR38","CR38",341759
"2669",2022-01-01,"CR38","CR39",3884
"2670",2022-01-01,"CR38","CR40",410
"2671",2022-01-01,"CR39","CR14",3130
"2672",2022-01-01,"CR39","CR17",1114
"2673",2022-01-01,"CR39","CR18",2
"2674",2022-01-01,"CR39","CR19",4
"2675",2022-01-01,"CR39","CR30",103
"2676",2022-01-01,"CR39","CR35",992
"2677",2022-01-01,"CR39","CR36",5223
"2678",2022-01-01,"CR39","CR38",4345
"2679",2022-01-01,"CR39","CR39",6642
"2680",2022-01-01,"CR39",NA,8
"2681",2022-01-01,"CR40","CR06",2
"2682",2022-01-01,"CR40","CR09",316
"2683",2022-01-01,"CR40","CR10",42
"2684",2022-01-01,"CR40","CR11",120
"2685",2022-01-01,"CR40","CR12",1692
"2686",2022-01-01,"CR40","CR13",11157
"2687",2022-01-01,"CR40","CR14",12568
"2688",2022-01-01,"CR40","CR15",1686
"2689",2022-01-01,"CR40","CR17",15939
"2690",2022-01-01,"CR40","CR29",74
"2691",2022-01-01,"CR40","CR30",354
"2692",2022-01-01,"CR40","CR34",434
"2693",2022-01-01,"CR40","CR35",43270
"2694",2022-01-01,"CR40","CR36",7279
"2695",2022-01-01,"CR40","CR37",788
"2696",2022-01-01,"CR40","CR38",4108
"2697",2022-01-01,"CR40","CR39",8
"2698",2022-01-01,"CR40","CR40",5568
